property,original_index,s123_pass,s123_complete,s123_errors,s42_pass,s42_complete,s42_errors,s999_pass,s999_complete,s999_errors
no-overflow,0,True,True,[],True,True,[],True,True,[]
valid-memsafety,1,True,True,[],False,False,"[{""severity"": ""error"", ""pos"": {""line"": 5, ""column"": 9}, ""endPos"": {""line"": 5, ""column"": 16}, ""data"": ""unknown constant 'Unit'""}, {""severity"": ""error"", ""pos"": {""line"": 10, ""column"": 10}, ""endPos"": {""line"": 10, ""column"": 27}, ""data"": ""unknown constant 'Unit'""}, {""severity"": ""error"", ""pos"": {""line"": 11, ""column"": 12}, ""endPos"": {""line"": 11, ""column"": 19}, ""data"": ""unknown constant 'Unit'""}, {""severity"": ""error"", ""pos"": {""line"": 12, ""column"": 56}, ""endPos"": {""line"": 13, ""column"": 5}, ""data"": ""unexpected token 'try'; expected '{' or tactic""}, {""severity"": ""error"", ""pos"": {""line"": 12, ""column"": 54}, ""endPos"": {""line"": 12, ""column"": 56}, ""data"": ""unsolved goals\nNetworkState : Sort ?u.110\nstate : NetworkState\n\u22a2 NetworkState""}]",False,False,"[{""severity"": ""error"", ""pos"": {""line"": 10, ""column"": 11}, ""endPos"": {""line"": 10, ""column"": 15}, ""data"": ""unknown constant 'Repr'""}, {""severity"": ""error"", ""pos"": {""line"": 15, ""column"": 11}, ""endPos"": {""line"": 15, ""column"": 15}, ""data"": ""unknown constant 'Repr'""}, {""severity"": ""error"", ""pos"": {""line"": 16, ""column"": 70}, ""endPos"": {""line"": 17, ""column"": 5}, ""data"": ""unexpected token 'try'; expected '{' or tactic""}, {""severity"": ""error"", ""pos"": {""line"": 16, ""column"": 68}, ""endPos"": {""line"": 16, ""column"": 70}, ""data"": ""unsolved goals\nNetworkState : Sort ?u.11\nNat : Sort ?u.13\nstate : NetworkState\nindex : Nat\n\u22a2 Prop""}]"
unreach-call,2,False,False,"[{""severity"": ""error"", ""pos"": {""line"": 2, ""column"": 4}, ""endPos"": {""line"": 2, ""column"": 6}, ""data"": ""'id' has already been declared""}, {""severity"": ""error"", ""pos"": {""line"": 16, ""column"": 23}, ""endPos"": null, ""data"": ""unknown tactic""}]",False,False,"[{""severity"": ""error"", ""pos"": {""line"": 2, ""column"": 4}, ""endPos"": {""line"": 2, ""column"": 6}, ""data"": ""'id' has already been declared""}, {""severity"": ""error"", ""pos"": {""line"": 16, ""column"": 23}, ""endPos"": null, ""data"": ""unknown tactic""}]",False,False,"[{""severity"": ""error"", ""pos"": {""line"": 2, ""column"": 4}, ""endPos"": {""line"": 2, ""column"": 6}, ""data"": ""'id' has already been declared""}, {""severity"": ""error"", ""pos"": {""line"": 16, ""column"": 23}, ""endPos"": null, ""data"": ""unknown tactic""}]"
no-overflow,3,False,False,"[{""severity"": ""error"", ""pos"": {""line"": 4, ""column"": 6}, ""endPos"": {""line"": 4, ""column"": 9}, ""data"": ""unexpected token 'if'; expected term""}, {""severity"": ""error"", ""pos"": {""line"": 15, ""column"": 37}, ""endPos"": null, ""data"": ""expected token""}, {""severity"": ""error"", ""pos"": {""line"": 15, ""column"": 33}, ""endPos"": {""line"": 15, ""column"": 36}, ""data"": ""unknown constant 'Unit'""}]",False,False,"[{""severity"": ""error"", ""pos"": {""line"": 3, ""column"": 27}, ""endPos"": {""line"": 4, ""column"": 5}, ""data"": ""unexpected token 'try'; expected '{' or tactic""}, {""severity"": ""error"", ""pos"": {""line"": 3, ""column"": 25}, ""endPos"": {""line"": 3, ""column"": 27}, ""data"": ""unsolved goals\nNat : Sort ?u.5\nn : Nat\n\u22a2 Nat""}]",False,False,"[{""severity"": ""error"", ""pos"": {""line"": 3, ""column"": 23}, ""endPos"": null, ""data"": ""unknown tactic""}, {""severity"": ""error"", ""pos"": {""line"": 2, ""column"": 26}, ""endPos"": {""line"": 3, ""column"": 30}, ""data"": ""unsolved goals\nn : \u2124\n\u22a2 Unit""}]"
termination,4,True,True,[],True,True,[],True,True,[]
termination,5,True,True,[],True,True,[],False,False,"[{""severity"": ""error"", ""pos"": {""line"": 4, ""column"": 23}, ""endPos"": null, ""data"": ""unknown tactic""}]"
unreach-call,6,False,False,"[{""severity"": ""error"", ""pos"": {""line"": 15, ""column"": 23}, ""endPos"": {""line"": 16, ""column"": 9}, ""data"": ""unexpected token 'let'; expected 'else'""}]",False,False,"[{""severity"": ""error"", ""pos"": {""line"": 24, ""column"": 59}, ""endPos"": null, ""data"": ""unknown tactic""}, {""severity"": ""error"", ""pos"": {""line"": 21, ""column"": 4}, ""endPos"": {""line"": 24, ""column"": 65}, ""data"": ""unsolved goals\ny : \u2115\n\u22a2 (?m.7 : \u2115 \u2192 \u2115) (0 : \u2115) % (2 : \u2115) = y % (2 : \u2115)""}]",False,False,"[{""severity"": ""error"", ""pos"": {""line"": 18, ""column"": 13}, ""endPos"": {""line"": 18, ""column"": 14}, ""data"": ""unexpected token '*'; expected term""}]"
unreach-call,7,False,False,"[{""severity"": ""error"", ""pos"": {""line"": 3, ""column"": 28}, ""endPos"": {""line"": 4, ""column"": 5}, ""data"": ""unexpected token 'try'; expected '{' or tactic""}, {""severity"": ""error"", ""pos"": {""line"": 3, ""column"": 26}, ""endPos"": {""line"": 3, ""column"": 28}, ""data"": ""unsolved goals\nNat : Sort ?u.5\nx : Nat\n\u22a2 Nat""}]",False,False,"[{""severity"": ""error"", ""pos"": {""line"": 3, ""column"": 23}, ""endPos"": null, ""data"": ""unknown tactic""}]",False,False,"[{""severity"": ""error"", ""pos"": {""line"": 3, ""column"": 28}, ""endPos"": {""line"": 4, ""column"": 5}, ""data"": ""unexpected token 'try'; expected '{' or tactic""}, {""severity"": ""error"", ""pos"": {""line"": 3, ""column"": 26}, ""endPos"": {""line"": 3, ""column"": 28}, ""data"": ""unsolved goals\nNat : Sort ?u.5\nx : Nat\n\u22a2 Nat""}]"
unreach-call,8,False,False,"[{""severity"": ""error"", ""pos"": {""line"": 3, ""column"": 27}, ""endPos"": {""line"": 4, ""column"": 5}, ""data"": ""unexpected token 'try'; expected '{' or tactic""}, {""severity"": ""error"", ""pos"": {""line"": 3, ""column"": 25}, ""endPos"": {""line"": 3, ""column"": 27}, ""data"": ""unsolved goals\n\u22a2 Prop""}]",False,False,"[{""severity"": ""error"", ""pos"": {""line"": 3, ""column"": 28}, ""endPos"": {""line"": 4, ""column"": 5}, ""data"": ""unexpected token 'try'; expected '{' or tactic""}, {""severity"": ""error"", ""pos"": {""line"": 3, ""column"": 26}, ""endPos"": {""line"": 3, ""column"": 28}, ""data"": ""unsolved goals\nNat : Sort ?u.5\n\u22a2 Nat""}]",False,False,"[{""severity"": ""error"", ""pos"": {""line"": 10, ""column"": 11}, ""endPos"": {""line"": 10, ""column"": 15}, ""data"": ""unknown constant 'Repr'""}, {""severity"": ""error"", ""pos"": {""line"": 11, ""column"": 34}, ""endPos"": {""line"": 12, ""column"": 5}, ""data"": ""unexpected token 'try'; expected '{' or tactic""}, {""severity"": ""error"", ""pos"": {""line"": 11, ""column"": 32}, ""endPos"": {""line"": 11, ""column"": 34}, ""data"": ""unsolved goals\nProgramState : Sort ?u.5\n\u22a2 ProgramState""}]"
termination,9,False,False,"[{""severity"": ""error"", ""pos"": {""line"": 14, ""column"": 2}, ""endPos"": null, ""data"": ""expected '{' or indented tactic sequence""}]",False,False,"[{""severity"": ""error"", ""pos"": {""line"": 7, ""column"": 11}, ""endPos"": {""line"": 7, ""column"": 15}, ""data"": ""unknown constant 'Repr'""}, {""severity"": ""error"", ""pos"": {""line"": 8, ""column"": 53}, ""endPos"": {""line"": 9, ""column"": 5}, ""data"": ""unexpected token 'try'; expected '{' or tactic""}, {""severity"": ""error"", ""pos"": {""line"": 8, ""column"": 51}, ""endPos"": {""line"": 8, ""column"": 53}, ""data"": ""unsolved goals\nProgramState : Sort ?u.11\nNat : Sort ?u.13\ns : ProgramState\n\u22a2 Nat""}]",False,False,"[{""severity"": ""error"", ""pos"": {""line"": 3, ""column"": 29}, ""endPos"": {""line"": 4, ""column"": 5}, ""data"": ""unexpected token 'try'; expected '{' or tactic""}, {""severity"": ""error"", ""pos"": {""line"": 3, ""column"": 27}, ""endPos"": {""line"": 3, ""column"": 29}, ""data"": ""unsolved goals\n\u22a2 Type""}]"
no-overflow,10,True,True,[],False,False,"[{""severity"": ""error"", ""pos"": {""line"": 9, ""column"": 23}, ""endPos"": null, ""data"": ""unknown tactic""}, {""severity"": ""error"", ""pos"": {""line"": 8, ""column"": 57}, ""endPos"": {""line"": 9, ""column"": 30}, ""data"": ""unsolved goals\nstate : ProgramState\n\u22a2 Option ProgramState""}]",False,False,"[{""severity"": ""error"", ""pos"": {""line"": 4, ""column"": 53}, ""endPos"": null, ""data"": ""unknown tactic""}, {""severity"": ""error"", ""pos"": {""line"": 3, ""column"": 48}, ""endPos"": {""line"": 4, ""column"": 59}, ""data"": ""unsolved goals\nx y z : \u2124\n\u22a2 \u2124 \u00d7 \u2124 \u00d7 \u2124""}]"
def-behavior,11,False,False,"[{""severity"": ""error"", ""pos"": {""line"": 3, ""column"": 53}, ""endPos"": {""line"": 4, ""column"": 5}, ""data"": ""unexpected token 'try'; expected '{' or tactic""}, {""severity"": ""error"", ""pos"": {""line"": 3, ""column"": 25}, ""endPos"": {""line"": 3, ""column"": 34}, ""data"": ""unknown constant 'Unit'""}, {""severity"": ""error"", ""pos"": {""line"": 3, ""column"": 38}, ""endPos"": {""line"": 3, ""column"": 47}, ""data"": ""unknown constant 'Unit'""}, {""severity"": ""error"", ""pos"": {""line"": 3, ""column"": 51}, ""endPos"": {""line"": 3, ""column"": 53}, ""data"": ""unsolved goals\nx\u271d : Sort ?u.2\nArray : x\u271d\na : ?m.6\n\u22a2 ?m.9""}]",False,False,"[{""severity"": ""error"", ""pos"": {""line"": 3, ""column"": 74}, ""endPos"": {""line"": 4, ""column"": 5}, ""data"": ""unexpected token 'try'; expected '{' or tactic""}, {""severity"": ""error"", ""pos"": {""line"": 3, ""column"": 46}, ""endPos"": {""line"": 3, ""column"": 55}, ""data"": ""unknown constant 'Unit'""}, {""severity"": ""error"", ""pos"": {""line"": 3, ""column"": 59}, ""endPos"": {""line"": 3, ""column"": 68}, ""data"": ""unknown constant 'Unit'""}, {""severity"": ""error"", ""pos"": {""line"": 3, ""column"": 72}, ""endPos"": {""line"": 3, ""column"": 74}, ""data"": ""unsolved goals\nx\u271d : Sort ?u.2\nArray : x\u271d\ninitialArray : ?m.6\n\u22a2 ?m.9""}]",False,False,"[{""severity"": ""error"", ""pos"": {""line"": 3, ""column"": 55}, ""endPos"": {""line"": 4, ""column"": 5}, ""data"": ""unexpected token 'try'; expected '{' or tactic""}, {""severity"": ""error"", ""pos"": {""line"": 3, ""column"": 27}, ""endPos"": {""line"": 3, ""column"": 36}, ""data"": ""unknown constant 'Unit'""}, {""severity"": ""error"", ""pos"": {""line"": 3, ""column"": 40}, ""endPos"": {""line"": 3, ""column"": 49}, ""data"": ""unknown constant 'Unit'""}, {""severity"": ""error"", ""pos"": {""line"": 3, ""column"": 53}, ""endPos"": {""line"": 3, ""column"": 55}, ""data"": ""unsolved goals\nx\u271d : Sort ?u.2\nArray : x\u271d\narr : ?m.6\n\u22a2 ?m.9""}]"
valid-memsafety,12,False,False,"[{""severity"": ""error"", ""pos"": {""line"": 3, ""column"": 53}, ""endPos"": {""line"": 4, ""column"": 5}, ""data"": ""unexpected token 'try'; expected '{' or tactic""}, {""severity"": ""error"", ""pos"": {""line"": 3, ""column"": 51}, ""endPos"": {""line"": 3, ""column"": 53}, ""data"": ""unsolved goals\nNat : Sort ?u.5\narraySize : Nat\n\u22a2 Prop""}]",False,False,"[{""severity"": ""error"", ""pos"": {""line"": 3, ""column"": 33}, ""endPos"": {""line"": 4, ""column"": 5}, ""data"": ""unexpected token 'try'; expected '{' or tactic""}, {""severity"": ""error"", ""pos"": {""line"": 3, ""column"": 31}, ""endPos"": {""line"": 3, ""column"": 33}, ""data"": ""unsolved goals\n\u22a2 Prop""}]",False,False,"[{""severity"": ""error"", ""pos"": {""line"": 3, ""column"": 35}, ""endPos"": {""line"": 4, ""column"": 5}, ""data"": ""unexpected token 'try'; expected '{' or tactic""}, {""severity"": ""error"", ""pos"": {""line"": 3, ""column"": 22}, ""endPos"": {""line"": 3, ""column"": 29}, ""data"": ""unknown constant 'Unit'""}, {""severity"": ""error"", ""pos"": {""line"": 3, ""column"": 33}, ""endPos"": {""line"": 3, ""column"": 35}, ""data"": ""unsolved goals\nx\u271d : Sort ?u.2\nIO : x\u271d\n\u22a2 ?m.6""}]"
no-overflow,13,False,False,"[{""severity"": ""error"", ""pos"": {""line"": 6, ""column"": 3}, ""endPos"": {""line"": 6, ""column"": 4}, ""data"": ""unexpected token '+'; expected '=>'""}, {""severity"": ""error"", ""pos"": {""line"": 7, ""column"": 24}, ""endPos"": {""line"": 7, ""column"": 29}, ""data"": ""unexpected token 'from'; expected ')'""}, {""severity"": ""error"", ""pos"": {""line"": 20, ""column"": 48}, ""endPos"": null, ""data"": ""expected token""}]",True,True,[],True,True,[]
def-behavior,14,False,False,"[{""severity"": ""error"", ""pos"": {""line"": 3, ""column"": 25}, ""endPos"": {""line"": 4, ""column"": 5}, ""data"": ""unexpected token 'try'; expected '{' or tactic""}, {""severity"": ""error"", ""pos"": {""line"": 3, ""column"": 23}, ""endPos"": {""line"": 3, ""column"": 25}, ""data"": ""unsolved goals\nNat : Sort ?u.5\n\u22a2 Nat""}]",False,False,"[{""severity"": ""error"", ""pos"": {""line"": 14, ""column"": 29}, ""endPos"": {""line"": 15, ""column"": 3}, ""data"": ""unexpected token; expected ','""}]",False,False,"[{""severity"": ""error"", ""pos"": {""line"": 3, ""column"": 25}, ""endPos"": {""line"": 4, ""column"": 5}, ""data"": ""unexpected token 'try'; expected '{' or tactic""}, {""severity"": ""error"", ""pos"": {""line"": 3, ""column"": 23}, ""endPos"": {""line"": 3, ""column"": 25}, ""data"": ""unsolved goals\nNat : Sort ?u.5\n\u22a2 Nat""}]"
no-overflow,15,False,False,"[{""severity"": ""error"", ""pos"": {""line"": 4, ""column"": 23}, ""endPos"": null, ""data"": ""unknown tactic""}, {""severity"": ""error"", ""pos"": {""line"": 3, ""column"": 41}, ""endPos"": {""line"": 4, ""column"": 30}, ""data"": ""unsolved goals\nw : \u2115\n\u22a2 Bool""}]",False,False,"[{""severity"": ""error"", ""pos"": {""line"": 4, ""column"": 23}, ""endPos"": null, ""data"": ""unknown tactic""}, {""severity"": ""error"", ""pos"": {""line"": 3, ""column"": 41}, ""endPos"": {""line"": 4, ""column"": 30}, ""data"": ""unsolved goals\nw : \u2115\n\u22a2 Bool""}]",False,False,"[{""severity"": ""error"", ""pos"": {""line"": 4, ""column"": 23}, ""endPos"": null, ""data"": ""unknown tactic""}, {""severity"": ""error"", ""pos"": {""line"": 3, ""column"": 41}, ""endPos"": {""line"": 4, ""column"": 30}, ""data"": ""unsolved goals\nw : \u2115\n\u22a2 Bool""}]"
valid-memsafety,16,False,False,"[{""severity"": ""error"", ""pos"": {""line"": 4, ""column"": 77}, ""endPos"": {""line"": 5, ""column"": 5}, ""data"": ""unexpected token 'try'; expected '{' or tactic""}, {""severity"": ""error"", ""pos"": {""line"": 4, ""column"": 54}, ""endPos"": {""line"": 4, ""column"": 63}, ""data"": ""unknown constant 'Unit'""}, {""severity"": ""error"", ""pos"": {""line"": 4, ""column"": 75}, ""endPos"": {""line"": 4, ""column"": 77}, ""data"": ""unsolved goals\nInt : Sort ?u.11\nx\u271d : Sort ?u.8\nArray : x\u271d\ninitialI : Int\ninitialArray : ?m.14\n\u22a2 Prop""}]",False,False,"[{""severity"": ""error"", ""pos"": {""line"": 7, ""column"": 11}, ""endPos"": {""line"": 7, ""column"": 15}, ""data"": ""unknown constant 'Repr'""}, {""severity"": ""error"", ""pos"": {""line"": 8, ""column"": 32}, ""endPos"": {""line"": 9, ""column"": 5}, ""data"": ""unexpected token 'try'; expected '{' or tactic""}, {""severity"": ""error"", ""pos"": {""line"": 8, ""column"": 16}, ""endPos"": {""line"": 8, ""column"": 26}, ""data"": ""unknown constant 'Unit'""}, {""severity"": ""error"", ""pos"": {""line"": 8, ""column"": 30}, ""endPos"": {""line"": 8, ""column"": 32}, ""data"": ""unsolved goals\nx\u271d : Sort ?u.2\nOption : x\u271d\n\u22a2 ?m.6""}]",False,False,"[{""severity"": ""error"", ""pos"": {""line"": 4, ""column"": 77}, ""endPos"": {""line"": 5, ""column"": 5}, ""data"": ""unexpected token 'try'; expected '{' or tactic""}, {""severity"": ""error"", ""pos"": {""line"": 4, ""column"": 54}, ""endPos"": {""line"": 4, ""column"": 63}, ""data"": ""unknown constant 'Unit'""}, {""severity"": ""error"", ""pos"": {""line"": 4, ""column"": 75}, ""endPos"": {""line"": 4, ""column"": 77}, ""data"": ""unsolved goals\nInt : Sort ?u.11\nx\u271d : Sort ?u.8\nArray : x\u271d\ninitialI : Int\ninitialArray : ?m.14\n\u22a2 Prop""}]"
termination,17,False,False,"[{""severity"": ""error"", ""pos"": {""line"": 3, ""column"": 56}, ""endPos"": {""line"": 4, ""column"": 5}, ""data"": ""unexpected token 'try'; expected '{' or tactic""}, {""severity"": ""error"", ""pos"": {""line"": 3, ""column"": 54}, ""endPos"": {""line"": 3, ""column"": 56}, ""data"": ""unsolved goals\nNat : Sort ?u.11\nBool : Sort ?u.13\nmaxIterations : Nat\n\u22a2 Bool""}]",False,False,"[{""severity"": ""error"", ""pos"": {""line"": 4, ""column"": 23}, ""endPos"": null, ""data"": ""unknown tactic""}]",False,False,"[{""severity"": ""error"", ""pos"": {""line"": 6, ""column"": 17}, ""endPos"": {""line"": 6, ""column"": 19}, ""data"": ""default handlers have not been implemented yet, class: 'Eq' types: [ProgramState]""}, {""severity"": ""error"", ""pos"": {""line"": 8, ""column"": 23}, ""endPos"": null, ""data"": ""unknown tactic""}]"
unreach-call,18,False,False,"[{""severity"": ""error"", ""pos"": {""line"": 6, ""column"": 3}, ""endPos"": {""line"": 6, ""column"": 4}, ""data"": ""unexpected token '+'; expected '=>'""}, {""severity"": ""error"", ""pos"": {""line"": 17, ""column"": 0}, ""endPos"": {""line"": 17, ""column"": 5}, ""data"": ""unexpected identifier; expected command""}]",False,False,"[{""severity"": ""error"", ""pos"": {""line"": 6, ""column"": 3}, ""endPos"": {""line"": 6, ""column"": 4}, ""data"": ""unexpected token '+'; expected '=>'""}, {""severity"": ""error"", ""pos"": {""line"": 17, ""column"": 33}, ""endPos"": null, ""data"": ""expected token""}, {""severity"": ""error"", ""pos"": {""line"": 17, ""column"": 25}, ""endPos"": {""line"": 17, ""column"": 32}, ""data"": ""unknown constant 'Unit'""}]",False,False,"[{""severity"": ""error"", ""pos"": {""line"": 6, ""column"": 3}, ""endPos"": {""line"": 6, ""column"": 4}, ""data"": ""unexpected token '+'; expected '=>'""}, {""severity"": ""error"", ""pos"": {""line"": 17, ""column"": 33}, ""endPos"": null, ""data"": ""expected token""}, {""severity"": ""error"", ""pos"": {""line"": 17, ""column"": 25}, ""endPos"": {""line"": 17, ""column"": 32}, ""data"": ""unknown constant 'Unit'""}]"
termination,19,False,False,"[{""severity"": ""error"", ""pos"": {""line"": 4, ""column"": 2}, ""endPos"": {""line"": 5, ""column"": 24}, ""data"": ""type mismatch\n  fun x => ?m.11\nhas type\n  (x : ?m.7) \u2192 ?m.12 x : Sort (imax ?u.6 ?u.9)\nbut is expected to have type\n  \u2124 : Type""}, {""severity"": ""error"", ""pos"": {""line"": 17, ""column"": 23}, ""endPos"": null, ""data"": ""unknown tactic""}, {""severity"": ""error"", ""pos"": {""line"": 16, ""column"": 50}, ""endPos"": {""line"": 17, ""column"": 30}, ""data"": ""unsolved goals\na : \u2124\n\u22a2 rec a \u2265 (0 : \u2124)""}]",False,False,"[{""severity"": ""error"", ""pos"": {""line"": 4, ""column"": 23}, ""endPos"": null, ""data"": ""unknown tactic""}]",False,False,"[{""severity"": ""error"", ""pos"": {""line"": 4, ""column"": 2}, ""endPos"": {""line"": 5, ""column"": 24}, ""data"": ""type mismatch\n  fun x => ?m.11\nhas type\n  (x : ?m.7) \u2192 ?m.12 x : Sort (imax ?u.6 ?u.9)\nbut is expected to have type\n  \u2124 : Type""}, {""severity"": ""error"", ""pos"": {""line"": 7, ""column"": 23}, ""endPos"": null, ""data"": ""unknown tactic""}, {""severity"": ""error"", ""pos"": {""line"": 6, ""column"": 39}, ""endPos"": {""line"": 7, ""column"": 30}, ""data"": ""unsolved goals\ninput : \u2124\n\u22a2 Option \u2124""}]"
no-overflow,20,True,True,[],False,False,"[{""severity"": ""error"", ""pos"": {""line"": 3, ""column"": 38}, ""endPos"": {""line"": 4, ""column"": 5}, ""data"": ""unexpected token 'try'; expected '{' or tactic""}, {""severity"": ""error"", ""pos"": {""line"": 3, ""column"": 36}, ""endPos"": {""line"": 3, ""column"": 38}, ""data"": ""unsolved goals\nInt : Sort ?u.5\nx : Int\n\u22a2 Prop""}]",False,False,"[{""severity"": ""error"", ""pos"": {""line"": 3, ""column"": 34}, ""endPos"": {""line"": 4, ""column"": 5}, ""data"": ""unexpected token 'try'; expected '{' or tactic""}, {""severity"": ""error"", ""pos"": {""line"": 3, ""column"": 18}, ""endPos"": {""line"": 3, ""column"": 28}, ""data"": ""unknown constant 'Unit'""}, {""severity"": ""error"", ""pos"": {""line"": 3, ""column"": 32}, ""endPos"": {""line"": 3, ""column"": 34}, ""data"": ""unsolved goals\nInt : Sort ?u.11\nx\u271d : Sort ?u.8\nOption : x\u271d\nd : Int\n\u22a2 ?m.14""}]"
termination,21,True,True,[],False,False,"[{""severity"": ""error"", ""pos"": {""line"": 7, ""column"": 17}, ""endPos"": {""line"": 7, ""column"": 19}, ""data"": ""default handlers have not been implemented yet, class: 'Eq' types: [ProgramState]""}, {""severity"": ""error"", ""pos"": {""line"": 9, ""column"": 23}, ""endPos"": null, ""data"": ""unknown tactic""}, {""severity"": ""error"", ""pos"": {""line"": 8, ""column"": 57}, ""endPos"": {""line"": 9, ""column"": 30}, ""data"": ""unsolved goals\ns : ProgramState\n\u22a2 List ProgramState""}]",False,False,"[{""severity"": ""error"", ""pos"": {""line"": 7, ""column"": 17}, ""endPos"": {""line"": 7, ""column"": 19}, ""data"": ""default handlers have not been implemented yet, class: 'Eq' types: [ProgramState]""}, {""severity"": ""error"", ""pos"": {""line"": 9, ""column"": 23}, ""endPos"": null, ""data"": ""unknown tactic""}, {""severity"": ""error"", ""pos"": {""line"": 8, ""column"": 57}, ""endPos"": {""line"": 9, ""column"": 30}, ""data"": ""unsolved goals\ns : ProgramState\n\u22a2 List ProgramState""}]"
termination,22,False,False,"[{""severity"": ""error"", ""pos"": {""line"": 14, ""column"": 5}, ""endPos"": null, ""data"": ""expected token""}]",True,True,[],False,False,"[{""severity"": ""error"", ""pos"": {""line"": 6, ""column"": 17}, ""endPos"": {""line"": 6, ""column"": 19}, ""data"": ""default handlers have not been implemented yet, class: 'Eq' types: [ProgramState]""}, {""severity"": ""error"", ""pos"": {""line"": 8, ""column"": 23}, ""endPos"": null, ""data"": ""unknown tactic""}, {""severity"": ""error"", ""pos"": {""line"": 7, ""column"": 57}, ""endPos"": {""line"": 8, ""column"": 30}, ""data"": ""unsolved goals\ns : ProgramState\n\u22a2 List ProgramState""}]"
unreach-call,23,False,False,"[{""severity"": ""error"", ""pos"": {""line"": 6, ""column"": 3}, ""endPos"": {""line"": 6, ""column"": 4}, ""data"": ""unexpected token '+'; expected '=>'""}, {""severity"": ""error"", ""pos"": {""line"": 17, ""column"": 46}, ""endPos"": null, ""data"": ""expected token""}, {""severity"": ""error"", ""pos"": {""line"": 17, ""column"": 34}, ""endPos"": {""line"": 17, ""column"": 45}, ""data"": ""unknown constant 'Unit'""}]",False,False,"[{""severity"": ""error"", ""pos"": {""line"": 19, ""column"": 27}, ""endPos"": {""line"": 19, ""column"": 30}, ""data"": ""unexpected token ':='; expected ','""}]",False,False,"[{""severity"": ""error"", ""pos"": {""line"": 17, ""column"": 23}, ""endPos"": null, ""data"": ""unknown tactic""}]"
unreach-call,24,True,True,[],True,True,[],True,True,[]
def-behavior,25,False,False,"[{""severity"": ""error"", ""pos"": {""line"": 3, ""column"": 22}, ""endPos"": {""line"": 4, ""column"": 5}, ""data"": ""unexpected token 'try'; expected '{' or tactic""}, {""severity"": ""error"", ""pos"": {""line"": 3, ""column"": 20}, ""endPos"": {""line"": 3, ""column"": 22}, ""data"": ""unsolved goals\n\u22a2 ?m.2""}]",False,False,"[{""severity"": ""error"", ""pos"": {""line"": 3, ""column"": 55}, ""endPos"": null, ""data"": ""expected token""}]",True,True,[]
valid-memsafety,26,False,False,"[{""severity"": ""error"", ""pos"": {""line"": 4, ""column"": 50}, ""endPos"": {""line"": 5, ""column"": 5}, ""data"": ""unexpected token 'try'; expected '{' or tactic""}, {""severity"": ""error"", ""pos"": {""line"": 4, ""column"": 22}, ""endPos"": {""line"": 4, ""column"": 31}, ""data"": ""unknown constant 'Unit'""}, {""severity"": ""error"", ""pos"": {""line"": 4, ""column"": 35}, ""endPos"": {""line"": 4, ""column"": 44}, ""data"": ""unknown constant 'Unit'""}, {""severity"": ""error"", ""pos"": {""line"": 4, ""column"": 48}, ""endPos"": {""line"": 4, ""column"": 50}, ""data"": ""unsolved goals\nx\u271d : Sort ?u.2\nArray : x\u271d\narr : ?m.6\n\u22a2 ?m.9""}]",False,False,"[{""severity"": ""error"", ""pos"": {""line"": 4, ""column"": 50}, ""endPos"": {""line"": 5, ""column"": 5}, ""data"": ""unexpected token 'try'; expected '{' or tactic""}, {""severity"": ""error"", ""pos"": {""line"": 4, ""column"": 22}, ""endPos"": {""line"": 4, ""column"": 31}, ""data"": ""unknown constant 'Unit'""}, {""severity"": ""error"", ""pos"": {""line"": 4, ""column"": 35}, ""endPos"": {""line"": 4, ""column"": 44}, ""data"": ""unknown constant 'Unit'""}, {""severity"": ""error"", ""pos"": {""line"": 4, ""column"": 48}, ""endPos"": {""line"": 4, ""column"": 50}, ""data"": ""unsolved goals\nx\u271d : Sort ?u.2\nArray : x\u271d\narr : ?m.6\n\u22a2 ?m.9""}]",False,False,"[{""severity"": ""error"", ""pos"": {""line"": 4, ""column"": 50}, ""endPos"": {""line"": 5, ""column"": 5}, ""data"": ""unexpected token 'try'; expected '{' or tactic""}, {""severity"": ""error"", ""pos"": {""line"": 4, ""column"": 22}, ""endPos"": {""line"": 4, ""column"": 31}, ""data"": ""unknown constant 'Unit'""}, {""severity"": ""error"", ""pos"": {""line"": 4, ""column"": 35}, ""endPos"": {""line"": 4, ""column"": 44}, ""data"": ""unknown constant 'Unit'""}, {""severity"": ""error"", ""pos"": {""line"": 4, ""column"": 48}, ""endPos"": {""line"": 4, ""column"": 50}, ""data"": ""unsolved goals\nx\u271d : Sort ?u.2\nArray : x\u271d\narr : ?m.6\n\u22a2 ?m.9""}]"
unreach-call,27,True,True,[],False,False,"[{""severity"": ""error"", ""pos"": {""line"": 4, ""column"": 44}, ""endPos"": {""line"": 5, ""column"": 5}, ""data"": ""unexpected token 'try'; expected '{' or tactic""}, {""severity"": ""error"", ""pos"": {""line"": 4, ""column"": 29}, ""endPos"": {""line"": 4, ""column"": 38}, ""data"": ""unknown constant 'Unit'""}, {""severity"": ""error"", ""pos"": {""line"": 4, ""column"": 42}, ""endPos"": {""line"": 4, ""column"": 44}, ""data"": ""unsolved goals\nNat : Sort ?u.11\nx\u271d : Sort ?u.8\nArray : x\u271d\nn : Nat\n\u22a2 ?m.14""}]",False,False,"[{""severity"": ""error"", ""pos"": {""line"": 4, ""column"": 39}, ""endPos"": {""line"": 5, ""column"": 5}, ""data"": ""unexpected token 'try'; expected '{' or tactic""}, {""severity"": ""error"", ""pos"": {""line"": 4, ""column"": 37}, ""endPos"": {""line"": 4, ""column"": 39}, ""data"": ""unsolved goals\nNat : Sort ?u.11\nBool : Sort ?u.13\nN : Nat\n\u22a2 Bool""}]"
unreach-call,28,False,False,"[{""severity"": ""error"", ""pos"": {""line"": 17, ""column"": 53}, ""endPos"": null, ""data"": ""unknown tactic""}, {""severity"": ""error"", ""pos"": {""line"": 16, ""column"": 17}, ""endPos"": {""line"": 17, ""column"": 59}, ""data"": ""unsolved goals\n\u22a2 \u2200 x < (268435455 : \u2115), (x = if x < (65521 : \u2115) then x + (1 : \u2115) else x + (2 : \u2115)) \u2192 x % (2 : \u2115) = (0 : \u2115)""}]",False,False,"[{""severity"": ""error"", ""pos"": {""line"": 17, ""column"": 23}, ""endPos"": null, ""data"": ""unknown tactic""}]",True,True,[]
no-overflow,29,False,False,"[{""severity"": ""error"", ""pos"": {""line"": 11, ""column"": 17}, ""endPos"": {""line"": 11, ""column"": 19}, ""data"": ""default handlers have not been implemented yet, class: 'Eq' types: [SslState]""}, {""severity"": ""error"", ""pos"": {""line"": 27, ""column"": 0}, ""endPos"": {""line"": 28, ""column"": 18}, ""data"": ""type of theorem 'no_ssl_overflow' is not a proposition\n  SslConnection \u2192 Prop""}]",False,False,"[{""severity"": ""error"", ""pos"": {""line"": 10, ""column"": 17}, ""endPos"": {""line"": 10, ""column"": 19}, ""data"": ""default handlers have not been implemented yet, class: 'Eq' types: [SSLState]""}, {""severity"": ""error"", ""pos"": {""line"": 30, ""column"": 16}, ""endPos"": {""line"": 30, ""column"": 19}, ""data"": ""unexpected token 'fun'; expected '_' or identifier""}]",False,False,"[{""severity"": ""error"", ""pos"": {""line"": 8, ""column"": 17}, ""endPos"": {""line"": 8, ""column"": 19}, ""data"": ""default handlers have not been implemented yet, class: 'Eq' types: [SslState]""}, {""severity"": ""error"", ""pos"": {""line"": 15, ""column"": 23}, ""endPos"": null, ""data"": ""unknown tactic""}, {""severity"": ""error"", ""pos"": {""line"": 14, ""column"": 40}, ""endPos"": {""line"": 15, ""column"": 30}, ""data"": ""unsolved goals\nx y : \u2124\n\u22a2 Option \u2124""}]"
unreach-call,30,False,False,"[{""severity"": ""error"", ""pos"": {""line"": 4, ""column"": 23}, ""endPos"": null, ""data"": ""unknown tactic""}, {""severity"": ""error"", ""pos"": {""line"": 3, ""column"": 32}, ""endPos"": {""line"": 4, ""column"": 30}, ""data"": ""unsolved goals\nnlen : \u2124\n\u22a2 Bool""}]",False,False,"[{""severity"": ""error"", ""pos"": {""line"": 4, ""column"": 23}, ""endPos"": null, ""data"": ""unknown tactic""}, {""severity"": ""error"", ""pos"": {""line"": 3, ""column"": 40}, ""endPos"": {""line"": 4, ""column"": 30}, ""data"": ""unsolved goals\nnlen : \u2124\n\u22a2 Bool""}]",False,False,"[{""severity"": ""error"", ""pos"": {""line"": 13, ""column"": 37}, ""endPos"": {""line"": 14, ""column"": 3}, ""data"": ""unexpected token; expected ','""}]"
no-overflow,31,True,True,[],True,True,[],False,False,"[{""severity"": ""error"", ""pos"": {""line"": 46, ""column"": 55}, ""endPos"": null, ""data"": ""unknown tactic""}]"
valid-memsafety,32,False,False,"[{""severity"": ""error"", ""pos"": {""line"": 3, ""column"": 30}, ""endPos"": {""line"": 4, ""column"": 5}, ""data"": ""unexpected token 'try'; expected '{' or tactic""}, {""severity"": ""error"", ""pos"": {""line"": 3, ""column"": 28}, ""endPos"": {""line"": 3, ""column"": 30}, ""data"": ""unsolved goals\nInt : Sort ?u.5\nn : Int\n\u22a2 Int""}]",False,False,"[{""severity"": ""error"", ""pos"": {""line"": 3, ""column"": 30}, ""endPos"": {""line"": 4, ""column"": 5}, ""data"": ""unexpected token 'try'; expected '{' or tactic""}, {""severity"": ""error"", ""pos"": {""line"": 3, ""column"": 28}, ""endPos"": {""line"": 3, ""column"": 30}, ""data"": ""unsolved goals\nInt : Sort ?u.5\nn : Int\n\u22a2 Int""}]",False,False,"[{""severity"": ""error"", ""pos"": {""line"": 3, ""column"": 30}, ""endPos"": {""line"": 4, ""column"": 5}, ""data"": ""unexpected token 'try'; expected '{' or tactic""}, {""severity"": ""error"", ""pos"": {""line"": 3, ""column"": 28}, ""endPos"": {""line"": 3, ""column"": 30}, ""data"": ""unsolved goals\nInt : Sort ?u.5\nn : Int\n\u22a2 Int""}]"
def-behavior,33,False,False,"[{""severity"": ""error"", ""pos"": {""line"": 4, ""column"": 23}, ""endPos"": null, ""data"": ""unknown tactic""}, {""severity"": ""error"", ""pos"": {""line"": 3, ""column"": 30}, ""endPos"": {""line"": 4, ""column"": 30}, ""data"": ""unsolved goals\n\u22a2 Option \u2124""}]",True,True,[],False,False,"[{""severity"": ""error"", ""pos"": {""line"": 4, ""column"": 23}, ""endPos"": null, ""data"": ""unknown tactic""}]"
termination,34,False,False,"[{""severity"": ""error"", ""pos"": {""line"": 3, ""column"": 42}, ""endPos"": {""line"": 4, ""column"": 5}, ""data"": ""unexpected token 'try'; expected '{' or tactic""}, {""severity"": ""error"", ""pos"": {""line"": 3, ""column"": 40}, ""endPos"": {""line"": 3, ""column"": 42}, ""data"": ""unsolved goals\nNat : Sort ?u.5\ny1 y2 : Nat\n\u22a2 Nat""}]",True,True,[],False,False,"[{""severity"": ""error"", ""pos"": {""line"": 3, ""column"": 33}, ""endPos"": {""line"": 4, ""column"": 5}, ""data"": ""unexpected token 'try'; expected '{' or tactic""}, {""severity"": ""error"", ""pos"": {""line"": 3, ""column"": 31}, ""endPos"": {""line"": 3, ""column"": 33}, ""data"": ""unsolved goals\nNat : Sort ?u.5\ny1 y2 : Nat\n\u22a2 Nat""}]"
def-behavior,35,False,False,"[{""severity"": ""error"", ""pos"": {""line"": 3, ""column"": 71}, ""endPos"": {""line"": 4, ""column"": 5}, ""data"": ""unexpected token 'try'; expected '{' or tactic""}, {""severity"": ""error"", ""pos"": {""line"": 3, ""column"": 40}, ""endPos"": {""line"": 3, ""column"": 49}, ""data"": ""unknown constant 'Unit'""}, {""severity"": ""error"", ""pos"": {""line"": 3, ""column"": 53}, ""endPos"": {""line"": 3, ""column"": 65}, ""data"": ""unknown constant 'Unit'""}, {""severity"": ""error"", ""pos"": {""line"": 3, ""column"": 69}, ""endPos"": {""line"": 3, ""column"": 71}, ""data"": ""unsolved goals\nNat : Sort ?u.20\nx\u271d\u00b9 : Sort ?u.8\nArray : x\u271d\u00b9\nx\u271d : Sort ?u.17\nProd : x\u271d\nk : Nat\narr : ?m.23\n\u22a2 ?m.26""}]",False,False,"[{""severity"": ""error"", ""pos"": {""line"": 3, ""column"": 55}, ""endPos"": null, ""data"": ""expected token""}, {""severity"": ""error"", ""pos"": {""line"": 3, ""column"": 38}, ""endPos"": {""line"": 3, ""column"": 47}, ""data"": ""unknown constant 'Unit'""}]",False,False,"[{""severity"": ""error"", ""pos"": {""line"": 4, ""column"": 71}, ""endPos"": {""line"": 5, ""column"": 5}, ""data"": ""unexpected token 'try'; expected '{' or tactic""}, {""severity"": ""error"", ""pos"": {""line"": 4, ""column"": 40}, ""endPos"": {""line"": 4, ""column"": 49}, ""data"": ""unknown constant 'Unit'""}, {""severity"": ""error"", ""pos"": {""line"": 4, ""column"": 53}, ""endPos"": {""line"": 4, ""column"": 65}, ""data"": ""unknown constant 'Unit'""}, {""severity"": ""error"", ""pos"": {""line"": 4, ""column"": 69}, ""endPos"": {""line"": 4, ""column"": 71}, ""data"": ""unsolved goals\nNat : Sort ?u.20\nx\u271d\u00b9 : Sort ?u.8\nArray : x\u271d\u00b9\nx\u271d : Sort ?u.17\nProd : x\u271d\nk : Nat\narr : ?m.23\n\u22a2 ?m.26""}]"
valid-memsafety,36,False,False,"[{""severity"": ""error"", ""pos"": {""line"": 4, ""column"": 53}, ""endPos"": {""line"": 5, ""column"": 5}, ""data"": ""unexpected token 'try'; expected '{' or tactic""}, {""severity"": ""error"", ""pos"": {""line"": 4, ""column"": 25}, ""endPos"": {""line"": 4, ""column"": 34}, ""data"": ""unknown constant 'Unit'""}, {""severity"": ""error"", ""pos"": {""line"": 4, ""column"": 38}, ""endPos"": {""line"": 4, ""column"": 47}, ""data"": ""unknown constant 'Unit'""}, {""severity"": ""error"", ""pos"": {""line"": 4, ""column"": 51}, ""endPos"": {""line"": 4, ""column"": 53}, ""data"": ""unsolved goals\nx\u271d : Sort ?u.2\nArray : x\u271d\narr : ?m.6\n\u22a2 ?m.9""}]",False,False,"[{""severity"": ""error"", ""pos"": {""line"": 3, ""column"": 53}, ""endPos"": {""line"": 4, ""column"": 5}, ""data"": ""unexpected token 'try'; expected '{' or tactic""}, {""severity"": ""error"", ""pos"": {""line"": 3, ""column"": 25}, ""endPos"": {""line"": 3, ""column"": 34}, ""data"": ""unknown constant 'Unit'""}, {""severity"": ""error"", ""pos"": {""line"": 3, ""column"": 38}, ""endPos"": {""line"": 3, ""column"": 47}, ""data"": ""unknown constant 'Unit'""}, {""severity"": ""error"", ""pos"": {""line"": 3, ""column"": 51}, ""endPos"": {""line"": 3, ""column"": 53}, ""data"": ""unsolved goals\nx\u271d : Sort ?u.2\nArray : x\u271d\narr : ?m.6\n\u22a2 ?m.9""}]",False,False,"[{""severity"": ""error"", ""pos"": {""line"": 5, ""column"": 9}, ""endPos"": {""line"": 5, ""column"": 16}, ""data"": ""unknown constant 'Unit'""}, {""severity"": ""error"", ""pos"": {""line"": 7, ""column"": 76}, ""endPos"": {""line"": 8, ""column"": 5}, ""data"": ""unexpected token 'try'; expected '{' or tactic""}]"
valid-memsafety,37,False,False,"[{""severity"": ""error"", ""pos"": {""line"": 5, ""column"": 9}, ""endPos"": {""line"": 5, ""column"": 20}, ""data"": ""unknown constant 'Unit'""}, {""severity"": ""error"", ""pos"": {""line"": 6, ""column"": 9}, ""endPos"": {""line"": 6, ""column"": 22}, ""data"": ""unknown constant 'Unit'""}, {""severity"": ""error"", ""pos"": {""line"": 8, ""column"": 9}, ""endPos"": {""line"": 8, ""column"": 21}, ""data"": ""unknown constant 'Unit'""}, {""severity"": ""error"", ""pos"": {""line"": 9, ""column"": 9}, ""endPos"": {""line"": 9, ""column"": 21}, ""data"": ""unknown constant 'Unit'""}, {""severity"": ""error"", ""pos"": {""line"": 22, ""column"": 16}, ""endPos"": null, ""data"": ""expected token""}]",False,False,"[{""severity"": ""error"", ""pos"": {""line"": 7, ""column"": 11}, ""endPos"": {""line"": 7, ""column"": 15}, ""data"": ""unknown constant 'Repr'""}, {""severity"": ""error"", ""pos"": {""line"": 11, ""column"": 11}, ""endPos"": {""line"": 11, ""column"": 15}, ""data"": ""unknown constant 'Repr'""}, {""severity"": ""error"", ""pos"": {""line"": 26, ""column"": 12}, ""endPos"": {""line"": 27, ""column"": 5}, ""data"": ""unexpected token 'try'; expected '{' or tactic""}, {""severity"": ""error"", ""pos"": {""line"": 26, ""column"": 10}, ""endPos"": {""line"": 26, ""column"": 12}, ""data"": ""unsolved goals\nMemoryModel : Sort u_1\nBool : Sort u_2\ninitial_state final_state : MemoryModel\nsafety_condition : Bool\n\u22a2 Prop""}]",False,False,"[{""severity"": ""error"", ""pos"": {""line"": 8, ""column"": 11}, ""endPos"": {""line"": 8, ""column"": 15}, ""data"": ""unknown constant 'Repr'""}, {""severity"": ""error"", ""pos"": {""line"": 23, ""column"": 10}, ""endPos"": null, ""data"": ""expected token""}]"
termination,38,True,True,[],False,False,"[{""severity"": ""error"", ""pos"": {""line"": 7, ""column"": 17}, ""endPos"": {""line"": 7, ""column"": 19}, ""data"": ""default handlers have not been implemented yet, class: 'Eq' types: [ProgramState]""}, {""severity"": ""error"", ""pos"": {""line"": 9, ""column"": 23}, ""endPos"": null, ""data"": ""unknown tactic""}, {""severity"": ""error"", ""pos"": {""line"": 8, ""column"": 44}, ""endPos"": {""line"": 9, ""column"": 30}, ""data"": ""unsolved goals\ns : ProgramState\n\u22a2 Prop""}]",True,True,[]
valid-memsafety,39,True,True,[],False,False,"[{""severity"": ""error"", ""pos"": {""line"": 3, ""column"": 58}, ""endPos"": {""line"": 4, ""column"": 5}, ""data"": ""unexpected token 'try'; expected '{' or tactic""}, {""severity"": ""error"", ""pos"": {""line"": 3, ""column"": 28}, ""endPos"": {""line"": 3, ""column"": 45}, ""data"": ""unknown constant 'Unit'""}, {""severity"": ""error"", ""pos"": {""line"": 3, ""column"": 56}, ""endPos"": {""line"": 3, ""column"": 58}, ""data"": ""unsolved goals\nx\u271d : Sort ?u.2\nArray : x\u271d\nInt : Sort ?u.15\nmatrix : ?m.13\n\u22a2 Int""}]",False,False,"[{""severity"": ""error"", ""pos"": {""line"": 4, ""column"": 45}, ""endPos"": {""line"": 5, ""column"": 5}, ""data"": ""unexpected token 'try'; expected '{' or tactic""}, {""severity"": ""error"", ""pos"": {""line"": 4, ""column"": 43}, ""endPos"": {""line"": 4, ""column"": 45}, ""data"": ""unsolved goals\nNat : Sort ?u.9\n\u03b1 : Type\nrows cols : Nat\n\u22a2 ?m.15 \u03b1 rows cols""}]"
no-overflow,40,True,True,[],False,False,"[{""severity"": ""error"", ""pos"": {""line"": 4, ""column"": 12}, ""endPos"": {""line"": 5, ""column"": 4}, ""data"": ""unexpected token 'if'; expected term""}, {""severity"": ""error"", ""pos"": {""line"": 20, ""column"": 9}, ""endPos"": null, ""data"": ""expected token""}, {""severity"": ""error"", ""pos"": {""line"": 19, ""column"": 16}, ""endPos"": {""line"": 19, ""column"": 44}, ""data"": ""unknown constant 'Unit'""}]",True,True,[]
termination,41,True,True,[],False,False,"[{""severity"": ""error"", ""pos"": {""line"": 4, ""column"": 23}, ""endPos"": null, ""data"": ""unknown tactic""}]",True,True,[]
termination,42,False,False,"[{""severity"": ""error"", ""pos"": {""line"": 3, ""column"": 28}, ""endPos"": {""line"": 4, ""column"": 5}, ""data"": ""unexpected token 'try'; expected '{' or tactic""}, {""severity"": ""error"", ""pos"": {""line"": 3, ""column"": 26}, ""endPos"": {""line"": 3, ""column"": 28}, ""data"": ""unsolved goals\nNat : Sort ?u.5\nx : Nat\n\u22a2 Nat""}]",False,False,"[{""severity"": ""error"", ""pos"": {""line"": 4, ""column"": 53}, ""endPos"": null, ""data"": ""unknown tactic""}]",False,False,"[{""severity"": ""error"", ""pos"": {""line"": 3, ""column"": 28}, ""endPos"": {""line"": 4, ""column"": 5}, ""data"": ""unexpected token 'try'; expected '{' or tactic""}, {""severity"": ""error"", ""pos"": {""line"": 3, ""column"": 26}, ""endPos"": {""line"": 3, ""column"": 28}, ""data"": ""unsolved goals\nNat : Sort ?u.5\nx : Nat\n\u22a2 Nat""}]"
no-overflow,43,False,False,"[{""severity"": ""error"", ""pos"": {""line"": 3, ""column"": 47}, ""endPos"": {""line"": 4, ""column"": 5}, ""data"": ""unexpected token 'try'; expected '{' or tactic""}, {""severity"": ""error"", ""pos"": {""line"": 3, ""column"": 31}, ""endPos"": {""line"": 3, ""column"": 41}, ""data"": ""unknown constant 'Unit'""}, {""severity"": ""error"", ""pos"": {""line"": 3, ""column"": 45}, ""endPos"": {""line"": 3, ""column"": 47}, ""data"": ""unsolved goals\nInt : Sort ?u.13\nx\u271d : Sort ?u.10\nOption : x\u271d\nx y : Int\n\u22a2 ?m.18""}]",False,False,"[{""severity"": ""error"", ""pos"": {""line"": 4, ""column"": 23}, ""endPos"": null, ""data"": ""unknown tactic""}, {""severity"": ""error"", ""pos"": {""line"": 3, ""column"": 41}, ""endPos"": {""line"": 4, ""column"": 30}, ""data"": ""unsolved goals\nx y : \u2124\n\u22a2 Bool""}]",False,False,"[{""severity"": ""error"", ""pos"": {""line"": 3, ""column"": 39}, ""endPos"": {""line"": 4, ""column"": 5}, ""data"": ""unexpected token 'try'; expected '{' or tactic""}, {""severity"": ""error"", ""pos"": {""line"": 3, ""column"": 37}, ""endPos"": {""line"": 3, ""column"": 39}, ""data"": ""unsolved goals\nInt : Sort ?u.13\nBool : Sort ?u.17\nx y : Int\n\u22a2 Bool""}]"
termination,44,False,False,"[{""severity"": ""error"", ""pos"": {""line"": 13, ""column"": 57}, ""endPos"": {""line"": 13, ""column"": 59}, ""data"": ""unexpected token '+'; expected ':=', 'where' or '|'""}]",False,False,"[{""severity"": ""error"", ""pos"": {""line"": 14, ""column"": 2}, ""endPos"": null, ""data"": ""expected token""}]",False,False,"[{""severity"": ""error"", ""pos"": {""line"": 15, ""column"": 8}, ""endPos"": null, ""data"": ""expected token""}]"
no-overflow,45,False,False,"[{""severity"": ""error"", ""pos"": {""line"": 14, ""column"": 15}, ""endPos"": {""line"": 15, ""column"": 5}, ""data"": ""unexpected token; expected ','""}]",False,False,"[{""severity"": ""error"", ""pos"": {""line"": 14, ""column"": 17}, ""endPos"": {""line"": 15, ""column"": 5}, ""data"": ""unexpected token; expected ','""}]",False,False,"[{""severity"": ""error"", ""pos"": {""line"": 8, ""column"": 5}, ""endPos"": {""line"": 9, ""column"": 5}, ""data"": ""unexpected token 'where'; expected 'else'""}, {""severity"": ""error"", ""pos"": {""line"": 28, ""column"": 15}, ""endPos"": {""line"": 29, ""column"": 5}, ""data"": ""unexpected token '-'; expected ','""}]"
valid-memsafety,46,True,True,[],False,False,"[{""severity"": ""error"", ""pos"": {""line"": 14, ""column"": 55}, ""endPos"": null, ""data"": ""expected token""}]",False,False,"[{""severity"": ""error"", ""pos"": {""line"": 16, ""column"": 23}, ""endPos"": null, ""data"": ""unknown tactic""}, {""severity"": ""error"", ""pos"": {""line"": 15, ""column"": 40}, ""endPos"": {""line"": 16, ""column"": 30}, ""data"": ""unsolved goals\nN : \u2115\nh1 : N > (0 : \u2115)\nh2 : N \u2264 (2147483647 : \u2115)\n\u22a2 let arr : List \u2115 := List.map (fun (i : \u2115) => (i + (1 : \u2115)) * (i + (1 : \u2115)) - i * i - i) (List.range N);\n  \u2200 (i : \u2115), i < N \u2192 arr.get? i = some (i + (1 : \u2115))""}]"
no-overflow,47,True,True,[],True,True,[],True,True,[]
unreach-call,48,False,False,"[{""severity"": ""error"", ""pos"": {""line"": 29, ""column"": 53}, ""endPos"": null, ""data"": ""unknown tactic""}, {""severity"": ""error"", ""pos"": {""line"": 28, ""column"": 11}, ""endPos"": {""line"": 29, ""column"": 59}, ""data"": ""unsolved goals\nn : \u2115\n\u22a2 (Nat.repeat (fun (p : \u2115 \u00d7 \u2115) => if (0 : \u2115) < p.1 then (p.1 - (1 : \u2115), p.2 + (1 : \u2115)) else p)\n        (Nat.repeat (fun (p : \u2115 \u00d7 \u2115) => if (0 : \u2115) < p.1 then (p.1 - (1 : \u2115), p.2 + (1 : \u2115)) else p)\n            (Nat.repeat (fun (p : \u2115 \u00d7 \u2115) => if (0 : \u2115) < p.2 then (p.1 + (1 : \u2115), p.2 - (1 : \u2115)) else p)\n                (Nat.repeat (fun (p : \u2115 \u00d7 \u2115) => if (0 : \u2115) < p.1 then (p.1 - (1 : \u2115), p.2 + (1 : \u2115)) else p) n\n                    (n, (0 : \u2115))).2\n                (Nat.repeat (fun (p : \u2115 \u00d7 \u2115) => if (0 : \u2115) < p.1 then (p.1 - (1 : \u2115), p.2 + (1 : \u2115)) else p) n\n                  (n, (0 : \u2115)))).1\n            ((Nat.repeat (fun (p : \u2115 \u00d7 \u2115) => if (0 : \u2115) < p.2 then (p.1 + (1 : \u2115), p.2 - (1 : \u2115)) else p)\n                  (Nat.repeat (fun (p : \u2115 \u00d7 \u2115) => if (0 : \u2115) < p.1 then (p.1 - (1 : \u2115), p.2 + (1 : \u2115)) else p) n\n                      (n, (0 : \u2115))).2\n                  (Nat.repeat (fun (p : \u2115 \u00d7 \u2115) => if (0 : \u2115) < p.1 then (p.1 - (1 : \u2115), p.2 + (1 : \u2115)) else p) n\n                    (n, (0 : \u2115)))).1,\n              (Nat.repeat (fun (p : \u2115 \u00d7 \u2115) => if (0 : \u2115) < p.1 then (p.1 - (1 : \u2115), p.2 + (1 : \u2115)) else p)\n                  (Nat.repeat (fun (p : \u2115 \u00d7 \u2115) => if (0 : \u2115) < p.1 then (p.1 - (1 : \u2115), p.2 + (1 : \u2115)) else p) n\n                      (n, (0 : \u2115))).2\n                  ((Nat.repeat (fun (p : \u2115 \u00d7 \u2115) => if (0 : \u2115) < p.1 then (p.1 - (1 : \u2115), p.2 + (1 : \u2115)) else p) n\n                        (n, (0 : \u2115))).2,\n                    (Nat.repeat (fun (p : \u2115 \u00d7 \u2115) => if (0 : \u2115) < p.2 then (p.1 + (1 : \u2115), p.2 - (1 : \u2115)) else p)\n                        (Nat.repeat (fun (p : \u2115 \u00d7 \u2115) => if (0 : \u2115) < p.1 then (p.1 - (1 : \u2115), p.2 + (1 : \u2115)) else p) n\n                            (n, (0 : \u2115))).2\n                        (Nat.repeat (fun (p : \u2115 \u00d7 \u2115) => if (0 : \u2115) < p.1 then (p.1 - (1 : \u2115), p.2 + (1 : \u2115)) else p) n\n                          (n, (0 : \u2115)))).2)).1)).2\n        ((Nat.repeat (fun (p : \u2115 \u00d7 \u2115) => if (0 : \u2115) < p.1 then (p.1 - (1 : \u2115), p.2 + (1 : \u2115)) else p)\n              (Nat.repeat (fun (p : \u2115 \u00d7 \u2115) => if (0 : \u2115) < p.2 then (p.1 + (1 : \u2115), p.2 - (1 : \u2115)) else p)\n                  (Nat.repeat (fun (p : \u2115 \u00d7 \u2115) => if (0 : \u2115) < p.1 then (p.1 - (1 : \u2115), p.2 + (1 : \u2115)) else p) n\n                      (n, (0 : \u2115))).2\n                  (Nat.repeat (fun (p : \u2115 \u00d7 \u2115) => if (0 : \u2115) < p.1 then (p.1 - (1 : \u2115), p.2 + (1 : \u2115)) else p) n\n                    (n, (0 : \u2115)))).1\n              ((Nat.repeat (fun (p : \u2115 \u00d7 \u2115) => if (0 : \u2115) < p.2 then (p.1 + (1 : \u2115), p.2 - (1 : \u2115)) else p)\n                    (Nat.repeat (fun (p : \u2115 \u00d7 \u2115) => if (0 : \u2115) < p.1 then (p.1 - (1 : \u2115), p.2 + (1 : \u2115)) else p) n\n                        (n, (0 : \u2115))).2\n                    (Nat.repeat (fun (p : \u2115 \u00d7 \u2115) => if (0 : \u2115) < p.1 then (p.1 - (1 : \u2115), p.2 + (1 : \u2115)) else p) n\n                      (n, (0 : \u2115)))).1,\n                (Nat.repeat (fun (p : \u2115 \u00d7 \u2115) => if (0 : \u2115) < p.1 then (p.1 - (1 : \u2115), p.2 + (1 : \u2115)) else p)\n                    (Nat.repeat (fun (p : \u2115 \u00d7 \u2115) => if (0 : \u2115) < p.1 then (p.1 - (1 : \u2115), p.2 + (1 : \u2115)) else p) n\n                        (n, (0 : \u2115))).2\n                    ((Nat.repeat (fun (p : \u2115 \u00d7 \u2115) => if (0 : \u2115) < p.1 then (p.1 - (1 : \u2115), p.2 + (1 : \u2115)) else p) n\n                          (n, (0 : \u2115))).2,\n                      (Nat.repeat (fun (p : \u2115 \u00d7 \u2115) => if (0 : \u2115) < p.2 then (p.1 + (1 : \u2115), p.2 - (1 : \u2115)) else p)\n                          (Nat.repeat (fun (p : \u2115 \u00d7 \u2115) => if (0 : \u2115) < p.1 then (p.1 - (1 : \u2115), p.2 + (1 : \u2115)) else p) n\n                              (n, (0 : \u2115))).2\n                          (Nat.repeat (fun (p : \u2115 \u00d7 \u2115) => if (0 : \u2115) < p.1 then (p.1 - (1 : \u2115), p.2 + (1 : \u2115)) else p) n\n                            (n, (0 : \u2115)))).2)).1)).2,\n          (Nat.repeat (fun (p : \u2115 \u00d7 \u2115) => if (0 : \u2115) < p.2 then (p.1 + (1 : \u2115), p.2 - (1 : \u2115)) else p)\n              (Nat.repeat (fun (p : \u2115 \u00d7 \u2115) => if (0 : \u2115) < p.1 then (p.1 - (1 : \u2115), p.2 + (1 : \u2115)) else p)\n                  (Nat.repeat (fun (p : \u2115 \u00d7 \u2115) => if (0 : \u2115) < p.1 then (p.1 - (1 : \u2115), p.2 + (1 : \u2115)) else p) n\n                      (n, (0 : \u2115))).2\n                  ((Nat.repeat (fun (p : \u2115 \u00d7 \u2115) => if (0 : \u2115) < p.1 then (p.1 - (1 : \u2115), p.2 + (1 : \u2115)) else p) n\n                        (n, (0 : \u2115))).2,\n                    (Nat.repeat (fun (p : \u2115 \u00d7 \u2115) => if (0 : \u2115) < p.2 then (p.1 + (1 : \u2115), p.2 - (1 : \u2115)) else p)\n                        (Nat.repeat (fun (p : \u2115 \u00d7 \u2115) => if (0 : \u2115) < p.1 then (p.1 - (1 : \u2115), p.2 + (1 : \u2115)) else p) n\n                            (n, (0 : \u2115))).2\n                        (Nat.repeat (fun (p : \u2115 \u00d7 \u2115) => if (0 : \u2115) < p.1 then (p.1 - (1 : \u2115), p.2 + (1 : \u2115)) else p) n\n                          (n, (0 : \u2115)))).2)).2\n              ((Nat.repeat (fun (p : \u2115 \u00d7 \u2115) => if (0 : \u2115) < p.1 then (p.1 - (1 : \u2115), p.2 + (1 : \u2115)) else p)\n                    (Nat.repeat (fun (p : \u2115 \u00d7 \u2115) => if (0 : \u2115) < p.2 then (p.1 + (1 : \u2115), p.2 - (1 : \u2115)) else p)\n                        (Nat.repeat (fun (p : \u2115 \u00d7 \u2115) => if (0 : \u2115) < p.1 then (p.1 - (1 : \u2115), p.2 + (1 : \u2115)) else p) n\n                            (n, (0 : \u2115))).2\n                        (Nat.repeat (fun (p : \u2115 \u00d7 \u2115) => if (0 : \u2115) < p.1 then (p.1 - (1 : \u2115), p.2 + (1 : \u2115)) else p) n\n                          (n, (0 : \u2115)))).1\n                    ((Nat.repeat (fun (p : \u2115 \u00d7 \u2115) => if (0 : \u2115) < p.2 then (p.1 + (1 : \u2115), p.2 - (1 : \u2115)) else p)\n                          (Nat.repeat (fun (p : \u2115 \u00d7 \u2115) => if (0 : \u2115) < p.1 then (p.1 - (1 : \u2115), p.2 + (1 : \u2115)) else p) n\n                              (n, (0 : \u2115))).2\n                          (Nat.repeat (fun (p : \u2115 \u00d7 \u2115) => if (0 : \u2115) < p.1 then (p.1 - (1 : \u2115), p.2 + (1 : \u2115)) else p) n\n                            (n, (0 : \u2115)))).1,\n                      (Nat.repeat (fun (p : \u2115 \u00d7 \u2115) => if (0 : \u2115) < p.1 then (p.1 - (1 : \u2115), p.2 + (1 : \u2115)) else p)\n                          (Nat.repeat (fun (p : \u2115 \u00d7 \u2115) => if (0 : \u2115) < p.1 then (p.1 - (1 : \u2115), p.2 + (1 : \u2115)) else p) n\n                              (n, (0 : \u2115))).2\n                          ((Nat.repeat (fun (p : \u2115 \u00d7 \u2115) => if (0 : \u2115) < p.1 then (p.1 - (1 : \u2115), p.2 + (1 : \u2115)) else p)\n                                n (n, (0 : \u2115))).2,\n                            (Nat.repeat (fun (p : \u2115 \u00d7 \u2115) => if (0 : \u2115) < p.2 then (p.1 + (1 : \u2115), p.2 - (1 : \u2115)) else p)\n                                (Nat.repeat\n                                    (fun (p : \u2115 \u00d7 \u2115) => if (0 : \u2115) < p.1 then (p.1 - (1 : \u2115), p.2 + (1 : \u2115)) else p) n\n                                    (n, (0 : \u2115))).2\n                                (Nat.repeat\n                                  (fun (p : \u2115 \u00d7 \u2115) => if (0 : \u2115) < p.1 then (p.1 - (1 : \u2115), p.2 + (1 : \u2115)) else p) n\n                                  (n, (0 : \u2115)))).2)).1)).1,\n                (Nat.repeat (fun (p : \u2115 \u00d7 \u2115) => if (0 : \u2115) < p.1 then (p.1 - (1 : \u2115), p.2 + (1 : \u2115)) else p)\n                    (Nat.repeat (fun (p : \u2115 \u00d7 \u2115) => if (0 : \u2115) < p.1 then (p.1 - (1 : \u2115), p.2 + (1 : \u2115)) else p) n\n                        (n, (0 : \u2115))).2\n                    ((Nat.repeat (fun (p : \u2115 \u00d7 \u2115) => if (0 : \u2115) < p.1 then (p.1 - (1 : \u2115), p.2 + (1 : \u2115)) else p) n\n                          (n, (0 : \u2115))).2,\n                      (Nat.repeat (fun (p : \u2115 \u00d7 \u2115) => if (0 : \u2115) < p.2 then (p.1 + (1 : \u2115), p.2 - (1 : \u2115)) else p)\n                          (Nat.repeat (fun (p : \u2115 \u00d7 \u2115) => if (0 : \u2115) < p.1 then (p.1 - (1 : \u2115), p.2 + (1 : \u2115)) else p) n\n                              (n, (0 : \u2115))).2\n                          (Nat.repeat (fun (p : \u2115 \u00d7 \u2115) => if (0 : \u2115) < p.1 then (p.1 - (1 : \u2115), p.2 + (1 : \u2115)) else p) n\n                            (n, (0 : \u2115)))).2)).2)).2)).2 =\n    n""}]",False,False,"[{""severity"": ""error"", ""pos"": {""line"": 27, ""column"": 53}, ""endPos"": null, ""data"": ""unknown tactic""}, {""severity"": ""error"", ""pos"": {""line"": 26, ""column"": 12}, ""endPos"": {""line"": 27, ""column"": 59}, ""data"": ""unsolved goals\ny2 y4 n : \u2115\n\u22a2 ((?m.2501 : {y2 y4 : \u2115} \u2192 \u2115 \u2192 (\u2115 \u2192 \u2115 \u2192 \u2115 \u00d7 \u2115) \u2192 (\u2115 \u2192 \u2115 \u2192 \u2115 \u00d7 \u2115) \u2192 \u2115 \u2192 \u2115 \u2192 \u2115 \u00d7 \u2115) n (?m.1432 : \u2115 \u2192 \u2115 \u2192 \u2115 \u00d7 \u2115)\n        ((?m.2502 : {y2 y4 : \u2115} \u2192 \u2115 \u2192 (\u2115 \u2192 \u2115 \u2192 \u2115 \u00d7 \u2115) \u2192 \u2115 \u2192 \u2115 \u2192 \u2115 \u00d7 \u2115) n (?m.1432 : \u2115 \u2192 \u2115 \u2192 \u2115 \u00d7 \u2115)) y4\n        ((?m.2502 : {y2 y4 : \u2115} \u2192 \u2115 \u2192 (\u2115 \u2192 \u2115 \u2192 \u2115 \u00d7 \u2115) \u2192 \u2115 \u2192 \u2115 \u2192 \u2115 \u00d7 \u2115) n (?m.1432 : \u2115 \u2192 \u2115 \u2192 \u2115 \u00d7 \u2115)\n            ((?m.1432 : \u2115 \u2192 \u2115 \u2192 \u2115 \u00d7 \u2115)\n                ((?m.2502 : {y2 y4 : \u2115} \u2192 \u2115 \u2192 (\u2115 \u2192 \u2115 \u2192 \u2115 \u00d7 \u2115) \u2192 \u2115 \u2192 \u2115 \u2192 \u2115 \u00d7 \u2115) n (?m.1432 : \u2115 \u2192 \u2115 \u2192 \u2115 \u00d7 \u2115)\n                    ((?m.1432 : \u2115 \u2192 \u2115 \u2192 \u2115 \u00d7 \u2115) n (0 : \u2115)).1 ((?m.1432 : \u2115 \u2192 \u2115 \u2192 \u2115 \u00d7 \u2115) n (0 : \u2115)).2).1\n                ((?m.2501 : {y2 y4 : \u2115} \u2192 \u2115 \u2192 (\u2115 \u2192 \u2115 \u2192 \u2115 \u00d7 \u2115) \u2192 (\u2115 \u2192 \u2115 \u2192 \u2115 \u00d7 \u2115) \u2192 \u2115 \u2192 \u2115 \u2192 \u2115 \u00d7 \u2115) n\n                    (?m.1432 : \u2115 \u2192 \u2115 \u2192 \u2115 \u00d7 \u2115)\n                    ((?m.2502 : {y2 y4 : \u2115} \u2192 \u2115 \u2192 (\u2115 \u2192 \u2115 \u2192 \u2115 \u00d7 \u2115) \u2192 \u2115 \u2192 \u2115 \u2192 \u2115 \u00d7 \u2115) n (?m.1432 : \u2115 \u2192 \u2115 \u2192 \u2115 \u00d7 \u2115)) y2\n                    ((?m.2502 : {y2 y4 : \u2115} \u2192 \u2115 \u2192 (\u2115 \u2192 \u2115 \u2192 \u2115 \u00d7 \u2115) \u2192 \u2115 \u2192 \u2115 \u2192 \u2115 \u00d7 \u2115) n (?m.1432 : \u2115 \u2192 \u2115 \u2192 \u2115 \u00d7 \u2115)\n                        ((?m.1432 : \u2115 \u2192 \u2115 \u2192 \u2115 \u00d7 \u2115) n (0 : \u2115)).1 ((?m.1432 : \u2115 \u2192 \u2115 \u2192 \u2115 \u00d7 \u2115) n (0 : \u2115)).2).2).1).1\n            ((?m.1432 : \u2115 \u2192 \u2115 \u2192 \u2115 \u00d7 \u2115)\n                ((?m.2502 : {y2 y4 : \u2115} \u2192 \u2115 \u2192 (\u2115 \u2192 \u2115 \u2192 \u2115 \u00d7 \u2115) \u2192 \u2115 \u2192 \u2115 \u2192 \u2115 \u00d7 \u2115) n (?m.1432 : \u2115 \u2192 \u2115 \u2192 \u2115 \u00d7 \u2115)\n                    ((?m.1432 : \u2115 \u2192 \u2115 \u2192 \u2115 \u00d7 \u2115) n (0 : \u2115)).1 ((?m.1432 : \u2115 \u2192 \u2115 \u2192 \u2115 \u00d7 \u2115) n (0 : \u2115)).2).1\n                ((?m.2501 : {y2 y4 : \u2115} \u2192 \u2115 \u2192 (\u2115 \u2192 \u2115 \u2192 \u2115 \u00d7 \u2115) \u2192 (\u2115 \u2192 \u2115 \u2192 \u2115 \u00d7 \u2115) \u2192 \u2115 \u2192 \u2115 \u2192 \u2115 \u00d7 \u2115) n\n                    (?m.1432 : \u2115 \u2192 \u2115 \u2192 \u2115 \u00d7 \u2115)\n                    ((?m.2502 : {y2 y4 : \u2115} \u2192 \u2115 \u2192 (\u2115 \u2192 \u2115 \u2192 \u2115 \u00d7 \u2115) \u2192 \u2115 \u2192 \u2115 \u2192 \u2115 \u00d7 \u2115) n (?m.1432 : \u2115 \u2192 \u2115 \u2192 \u2115 \u00d7 \u2115)) y2\n                    ((?m.2502 : {y2 y4 : \u2115} \u2192 \u2115 \u2192 (\u2115 \u2192 \u2115 \u2192 \u2115 \u00d7 \u2115) \u2192 \u2115 \u2192 \u2115 \u2192 \u2115 \u00d7 \u2115) n (?m.1432 : \u2115 \u2192 \u2115 \u2192 \u2115 \u00d7 \u2115)\n                        ((?m.1432 : \u2115 \u2192 \u2115 \u2192 \u2115 \u00d7 \u2115) n (0 : \u2115)).1 ((?m.1432 : \u2115 \u2192 \u2115 \u2192 \u2115 \u00d7 \u2115) n (0 : \u2115)).2).2).1).2).2).2 =\n    n""}]",True,True,[]
valid-memsafety,49,False,False,"[{""severity"": ""error"", ""pos"": {""line"": 3, ""column"": 44}, ""endPos"": {""line"": 4, ""column"": 5}, ""data"": ""unexpected token 'try'; expected '{' or tactic""}, {""severity"": ""error"", ""pos"": {""line"": 3, ""column"": 29}, ""endPos"": {""line"": 3, ""column"": 38}, ""data"": ""unknown constant 'Unit'""}, {""severity"": ""error"", ""pos"": {""line"": 3, ""column"": 42}, ""endPos"": {""line"": 3, ""column"": 44}, ""data"": ""unsolved goals\nNat : Sort ?u.11\nx\u271d : Sort ?u.8\nArray : x\u271d\nsize : Nat\n\u22a2 ?m.14""}]",False,False,"[{""severity"": ""error"", ""pos"": {""line"": 3, ""column"": 50}, ""endPos"": {""line"": 4, ""column"": 5}, ""data"": ""unexpected token 'try'; expected '{' or tactic""}, {""severity"": ""error"", ""pos"": {""line"": 3, ""column"": 35}, ""endPos"": {""line"": 3, ""column"": 44}, ""data"": ""unknown constant 'Unit'""}, {""severity"": ""error"", ""pos"": {""line"": 3, ""column"": 48}, ""endPos"": {""line"": 3, ""column"": 50}, ""data"": ""unsolved goals\nNat : Sort ?u.11\nx\u271d : Sort ?u.8\nArray : x\u271d\nsize : Nat\n\u22a2 ?m.14""}]",False,False,"[{""severity"": ""error"", ""pos"": {""line"": 3, ""column"": 44}, ""endPos"": {""line"": 4, ""column"": 5}, ""data"": ""unexpected token 'try'; expected '{' or tactic""}, {""severity"": ""error"", ""pos"": {""line"": 3, ""column"": 29}, ""endPos"": {""line"": 3, ""column"": 38}, ""data"": ""unknown constant 'Unit'""}, {""severity"": ""error"", ""pos"": {""line"": 3, ""column"": 42}, ""endPos"": {""line"": 3, ""column"": 44}, ""data"": ""unsolved goals\nNat : Sort ?u.11\nx\u271d : Sort ?u.8\nArray : x\u271d\nsize : Nat\n\u22a2 ?m.14""}]"
