property,original_index,s999_pass,s999_complete,s999_errors,s123_pass,s123_complete,s123_errors,s42_pass,s42_complete,s42_errors
no-overflow,0,True,True,[],True,True,[],True,True,[]
valid-memsafety,1,True,True,[],True,True,[],True,True,[]
unreach-call,2,False,False,"[{""severity"": ""error"", ""pos"": {""line"": 2, ""column"": 4}, ""endPos"": {""line"": 2, ""column"": 6}, ""data"": ""'id' has already been declared""}]",False,False,"[{""severity"": ""error"", ""pos"": {""line"": 2, ""column"": 4}, ""endPos"": {""line"": 2, ""column"": 6}, ""data"": ""'id' has already been declared""}]",False,False,"[{""severity"": ""error"", ""pos"": {""line"": 2, ""column"": 4}, ""endPos"": {""line"": 2, ""column"": 6}, ""data"": ""'id' has already been declared""}]"
no-overflow,3,True,True,[],True,True,[],True,True,[]
termination,4,True,True,[],False,False,"[{""severity"": ""error"", ""pos"": {""line"": 8, ""column"": 23}, ""endPos"": {""line"": 8, ""column"": 32}, ""data"": ""unexpected identifier; expected '.' or '|'""}, {""severity"": ""error"", ""pos"": {""line"": 8, ""column"": 42}, ""endPos"": {""line"": 8, ""column"": 45}, ""data"": ""invalid 'end', insufficient scopes""}, {""severity"": ""error"", ""pos"": {""line"": 9, ""column"": 2}, ""endPos"": {""line"": 9, ""column"": 5}, ""data"": ""unexpected token 'let'; expected command""}, {""severity"": ""error"", ""pos"": {""line"": 9, ""column"": 42}, ""endPos"": {""line"": 9, ""column"": 45}, ""data"": ""invalid 'end', insufficient scopes""}, {""severity"": ""error"", ""pos"": {""line"": 10, ""column"": 2}, ""endPos"": {""line"": 10, ""column"": 4}, ""data"": ""unexpected token 'if'; expected command""}, {""severity"": ""error"", ""pos"": {""line"": 24, ""column"": 8}, ""endPos"": {""line"": 24, ""column"": 35}, ""data"": ""typeclass instance problem is stuck, it is often due to metavariables\n  LT (?m.1127 : Type ?u.1123)""}]",True,True,[]
termination,5,False,False,"[{""severity"": ""error"", ""pos"": {""line"": 13, ""column"": 20}, ""endPos"": {""line"": 14, ""column"": 8}, ""data"": ""unexpected identifier; expected 'else'""}]",True,True,[],True,True,[]
unreach-call,6,True,True,[],True,True,[],True,True,[]
unreach-call,7,False,False,"[{""severity"": ""error"", ""pos"": {""line"": 2, ""column"": 4}, ""endPos"": {""line"": 2, ""column"": 6}, ""data"": ""'id' has already been declared""}]",False,False,"[{""severity"": ""error"", ""pos"": {""line"": 2, ""column"": 4}, ""endPos"": {""line"": 2, ""column"": 6}, ""data"": ""'id' has already been declared""}]",False,False,"[{""severity"": ""error"", ""pos"": {""line"": 4, ""column"": 33}, ""endPos"": null, ""data"": ""expected ';' or line break""}]"
unreach-call,8,True,True,[],True,True,[],True,True,[]
termination,9,True,False,[],False,False,"[{""severity"": ""error"", ""pos"": {""line"": 2, ""column"": 4}, ""endPos"": {""line"": 2, ""column"": 8}, ""data"": ""'bool' has already been declared""}]",False,False,"[{""severity"": ""error"", ""pos"": {""line"": 2, ""column"": 10}, ""endPos"": {""line"": 2, ""column"": 14}, ""data"": ""'Bool' has already been declared""}]"
no-overflow,10,False,False,"[{""severity"": ""error"", ""pos"": {""line"": 2, ""column"": 10}, ""endPos"": {""line"": 2, ""column"": 14}, ""data"": ""'Bool' has already been declared""}]",False,False,"[{""severity"": ""error"", ""pos"": {""line"": 2, ""column"": 10}, ""endPos"": {""line"": 2, ""column"": 14}, ""data"": ""'Bool' has already been declared""}]",True,True,[]
def-behavior,11,True,True,[],True,True,[],True,True,[]
valid-memsafety,12,True,True,[],True,True,[],True,True,[]
no-overflow,13,False,False,"[{""severity"": ""error"", ""pos"": {""line"": 2, ""column"": 4}, ""endPos"": {""line"": 2, ""column"": 9}, ""data"": ""fail to show termination for\n  hanoi\nwith errors\nfailed to infer structural recursion:\nCannot use parameter #1:\n  failed to eliminate recursive application\n    hanoi (n - 1)\n\n\nfailed to prove termination, possible solutions:\n  - Use `have`-expressions to prove the remaining goals\n  - Use `termination_by` to specify a different well-founded relation\n  - Use `decreasing_by` to specify your own tactic for discharging this kind of goal\nn : \u2115\n\u22a2 0 < n""}]",False,False,"[{""severity"": ""error"", ""pos"": {""line"": 2, ""column"": 4}, ""endPos"": {""line"": 2, ""column"": 9}, ""data"": ""fail to show termination for\n  hanoi\nwith errors\nfailed to infer structural recursion:\nCannot use parameter #1:\n  failed to eliminate recursive application\n    hanoi (n - 1)\n\n\nfailed to prove termination, possible solutions:\n  - Use `have`-expressions to prove the remaining goals\n  - Use `termination_by` to specify a different well-founded relation\n  - Use `decreasing_by` to specify your own tactic for discharging this kind of goal\nn : \u2115\n\u22a2 0 < n""}]",False,False,"[{""severity"": ""error"", ""pos"": {""line"": 3, ""column"": 4}, ""endPos"": {""line"": 3, ""column"": 9}, ""data"": ""fail to show termination for\n  hanoi\nwith errors\nfailed to infer structural recursion:\nCannot use parameter #1:\n  failed to eliminate recursive application\n    hanoi (n - 1)\n\n\nfailed to prove termination, possible solutions:\n  - Use `have`-expressions to prove the remaining goals\n  - Use `termination_by` to specify a different well-founded relation\n  - Use `decreasing_by` to specify your own tactic for discharging this kind of goal\nn : \u2115\n\u22a2 0 < n""}]"
def-behavior,14,True,True,[],True,True,[],True,True,[]
no-overflow,15,True,True,[],True,True,[],True,True,[]
valid-memsafety,16,True,True,[],True,True,[],True,True,[]
termination,17,False,False,"[{""severity"": ""error"", ""pos"": {""line"": 2, ""column"": 10}, ""endPos"": {""line"": 2, ""column"": 14}, ""data"": ""'Bool' has already been declared""}, {""severity"": ""error"", ""pos"": {""line"": 15, ""column"": 0}, ""endPos"": {""line"": 16, ""column"": 13}, ""data"": ""type of theorem 'main' is not a proposition\n  Bool""}]",False,False,"[{""severity"": ""error"", ""pos"": {""line"": 2, ""column"": 10}, ""endPos"": {""line"": 2, ""column"": 14}, ""data"": ""'Bool' has already been declared""}, {""severity"": ""error"", ""pos"": {""line"": 5, ""column"": 4}, ""endPos"": {""line"": 5, ""column"": 8}, ""data"": ""invalid `main` function, it must have type `List String -> IO UInt32`""}]",False,False,"[{""severity"": ""error"", ""pos"": {""line"": 2, ""column"": 10}, ""endPos"": {""line"": 2, ""column"": 14}, ""data"": ""'Bool' has already been declared""}]"
unreach-call,18,False,False,,False,False,"[{""severity"": ""error"", ""pos"": {""line"": 2, ""column"": 4}, ""endPos"": {""line"": 2, ""column"": 8}, ""data"": ""fail to show termination for\n  fibo\nwith errors\nfailed to infer structural recursion:\nCannot use parameter #1:\n  failed to eliminate recursive application\n    fibo (n - 1)\n\n\nfailed to prove termination, possible solutions:\n  - Use `have`-expressions to prove the remaining goals\n  - Use `termination_by` to specify a different well-founded relation\n  - Use `decreasing_by` to specify your own tactic for discharging this kind of goal\nn : \u2115\n\u22a2 0 < n""}]",True,True,[]
termination,19,False,False,,False,False,"[{""severity"": ""error"", ""pos"": {""line"": 2, ""column"": 4}, ""endPos"": {""line"": 2, ""column"": 7}, ""data"": ""fail to show termination for\n  rec\nwith errors\nfailed to infer structural recursion:\nCannot use parameter #1:\n  failed to eliminate recursive application\n    rec (a - 1)\n\n\nfailed to prove termination, possible solutions:\n  - Use `have`-expressions to prove the remaining goals\n  - Use `termination_by` to specify a different well-founded relation\n  - Use `decreasing_by` to specify your own tactic for discharging this kind of goal\na : \u2115\n\u22a2 0 < a""}, {""severity"": ""error"", ""pos"": {""line"": 5, ""column"": 4}, ""endPos"": {""line"": 5, ""column"": 8}, ""data"": ""invalid `main` function, it must have type `List String -> IO UInt32`""}]",False,False,
no-overflow,20,True,True,[],True,True,[],False,False,"[{""severity"": ""error"", ""pos"": {""line"": 19, ""column"": 0}, ""endPos"": {""line"": 19, ""column"": 5}, ""data"": ""unexpected token 'sorry'; expected command""}]"
termination,21,False,False,"[{""severity"": ""error"", ""pos"": {""line"": 2, ""column"": 4}, ""endPos"": {""line"": 2, ""column"": 8}, ""data"": ""invalid `main` function, it must have type `List String -> IO UInt32`""}]",False,False,"[{""severity"": ""error"", ""pos"": {""line"": 2, ""column"": 10}, ""endPos"": {""line"": 2, ""column"": 14}, ""data"": ""'Bool' has already been declared""}]",True,True,[]
termination,22,True,True,[],False,False,"[{""severity"": ""error"", ""pos"": {""line"": 2, ""column"": 4}, ""endPos"": {""line"": 2, ""column"": 8}, ""data"": ""invalid `main` function, it must have type `List String -> IO UInt32`""}]",True,True,[]
unreach-call,23,True,True,[],False,False,,True,True,[]
unreach-call,24,True,True,[],True,True,[],True,True,[]
def-behavior,25,True,True,[],True,True,[],False,False,"[{""severity"": ""error"", ""pos"": {""line"": 2, ""column"": 10}, ""endPos"": {""line"": 2, ""column"": 14}, ""data"": ""'Bool' has already been declared""}]"
valid-memsafety,26,True,True,[],True,True,[],True,True,[]
unreach-call,27,False,False,"[{""severity"": ""error"", ""pos"": {""line"": 4, ""column"": 21}, ""endPos"": {""line"": 5, ""column"": 7}, ""data"": ""unexpected token 'let'; expected 'else'""}]",True,True,[],True,True,[]
unreach-call,28,True,True,[],True,True,[],True,True,[]
no-overflow,29,True,True,[],True,True,[],True,True,[]
unreach-call,30,True,True,[],True,True,[],True,True,[]
no-overflow,31,True,True,[],True,True,[],True,True,[]
valid-memsafety,32,False,False,"[{""severity"": ""error"", ""pos"": {""line"": 2, ""column"": 4}, ""endPos"": {""line"": 2, ""column"": 8}, ""data"": ""fail to show termination for\n  mc91\nwith errors\nfailed to infer structural recursion:\nCannot use parameter #1:\n  the type \u2124 does not have a `.brecOn` recursor\n\n\nfailed to prove termination, possible solutions:\n  - Use `have`-expressions to prove the remaining goals\n  - Use `termination_by` to specify a different well-founded relation\n  - Use `decreasing_by` to specify your own tactic for discharging this kind of goal\na\u271d : \u2124\nn : \u2124 := a\u271d\nh\u271d : \u00acn > 100\n\u22a2 sizeOf (a\u271d + 11) < sizeOf a\u271d""}]",False,False,,False,False,"[{""severity"": ""error"", ""pos"": {""line"": 2, ""column"": 4}, ""endPos"": {""line"": 2, ""column"": 8}, ""data"": ""fail to show termination for\n  mc91\nwith errors\nfailed to infer structural recursion:\nCannot use parameter #1:\n  the type \u2124 does not have a `.brecOn` recursor\n\n\nfailed to prove termination, possible solutions:\n  - Use `have`-expressions to prove the remaining goals\n  - Use `termination_by` to specify a different well-founded relation\n  - Use `decreasing_by` to specify your own tactic for discharging this kind of goal\na\u271d : \u2124\nn : \u2124 := a\u271d\nh\u271d : \u00acn > 100\n\u22a2 sizeOf (a\u271d + 11) < sizeOf a\u271d""}]"
def-behavior,33,False,False,,True,True,[],False,False,"[{""severity"": ""error"", ""pos"": {""line"": 2, ""column"": 34}, ""endPos"": {""line"": 2, ""column"": 39}, ""data"": ""function expected at\n  Ptr\nterm has type\n  ?m.6""}]"
termination,34,True,True,[],False,False,"[{""severity"": ""error"", ""pos"": {""line"": 2, ""column"": 4}, ""endPos"": {""line"": 2, ""column"": 8}, ""data"": ""fail to show termination for\n  main\nwith errors\nfailed to infer structural recursion:\nCannot use parameter #1:\n  failed to eliminate recursive application\n    main (y1' - y2') y2'\nCannot use parameter #2:\n  failed to eliminate recursive application\n    main (y1' - y2') y2'\n\n\nCould not find a decreasing measure.\nThe basic measures relate at each recursive call as follows:\n(<, \u2264, =: relation proved, ? all proofs failed, _: no proof attempted)\n             x1 x2\n1) 3:73-93    ?  ?\n2) 3:110-130  _  _\nPlease use `termination_by` to specify a decreasing measure.""}]",True,True,[]
def-behavior,35,True,True,[],True,True,[],True,True,[]
valid-memsafety,36,True,True,[],True,True,[],True,True,[]
valid-memsafety,37,False,False,"[{""severity"": ""error"", ""pos"": {""line"": 64, ""column"": 4}, ""endPos"": {""line"": 64, ""column"": 8}, ""data"": ""invalid `main` function, it must have type `List String -> IO UInt32`""}]",True,True,[],True,True,[]
termination,38,True,True,[],True,True,[],True,True,[]
valid-memsafety,39,True,False,[],True,True,[],True,True,[]
no-overflow,40,True,True,[],True,True,[],False,False,"[{""severity"": ""error"", ""pos"": {""line"": 2, ""column"": 4}, ""endPos"": {""line"": 2, ""column"": 8}, ""data"": ""invalid `main` function, it must have type `List String -> IO UInt32`""}]"
termination,41,True,True,[],True,True,[],True,True,[]
termination,42,False,False,"[{""severity"": ""error"", ""pos"": {""line"": 2, ""column"": 4}, ""endPos"": {""line"": 2, ""column"": 6}, ""data"": ""'id' has already been declared""}]",False,False,"[{""severity"": ""error"", ""pos"": {""line"": 2, ""column"": 4}, ""endPos"": {""line"": 2, ""column"": 6}, ""data"": ""'id' has already been declared""}]",False,False,"[{""severity"": ""error"", ""pos"": {""line"": 2, ""column"": 4}, ""endPos"": {""line"": 2, ""column"": 6}, ""data"": ""'id' has already been declared""}]"
no-overflow,43,False,False,"[{""severity"": ""error"", ""pos"": {""line"": 2, ""column"": 10}, ""endPos"": {""line"": 2, ""column"": 14}, ""data"": ""'Bool' has already been declared""}]",True,True,[],False,False,"[{""severity"": ""error"", ""pos"": {""line"": 2, ""column"": 10}, ""endPos"": {""line"": 2, ""column"": 14}, ""data"": ""'Bool' has already been declared""}]"
termination,44,False,False,"[{""severity"": ""error"", ""pos"": {""line"": 2, ""column"": 10}, ""endPos"": {""line"": 2, ""column"": 14}, ""data"": ""'Bool' has already been declared""}]",False,,no code,False,False,"[{""severity"": ""error"", ""pos"": {""line"": 2, ""column"": 10}, ""endPos"": {""line"": 2, ""column"": 14}, ""data"": ""'Bool' has already been declared""}]"
no-overflow,45,False,False,"[{""severity"": ""error"", ""pos"": {""line"": 2, ""column"": 10}, ""endPos"": {""line"": 2, ""column"": 14}, ""data"": ""'Bool' has already been declared""}, {""severity"": ""error"", ""pos"": {""line"": 5, ""column"": 4}, ""endPos"": {""line"": 5, ""column"": 8}, ""data"": ""invalid `main` function, it must have type `List String -> IO UInt32`""}]",False,False,"[{""severity"": ""error"", ""pos"": {""line"": 2, ""column"": 10}, ""endPos"": {""line"": 2, ""column"": 14}, ""data"": ""'Bool' has already been declared""}]",False,False,"[{""severity"": ""error"", ""pos"": {""line"": 2, ""column"": 10}, ""endPos"": {""line"": 2, ""column"": 14}, ""data"": ""'Bool' has already been declared""}]"
valid-memsafety,46,True,True,[],True,True,[],True,True,[]
no-overflow,47,True,True,[],False,False,"[{""severity"": ""error"", ""pos"": {""line"": 11, ""column"": 10}, ""endPos"": {""line"": 12, ""column"": 3}, ""data"": ""unexpected token 'def'; expected 'else'""}]",True,True,[]
unreach-call,48,True,True,[],True,True,[],False,False,"[{""severity"": ""error"", ""pos"": {""line"": 2, ""column"": 4}, ""endPos"": {""line"": 2, ""column"": 8}, ""data"": ""invalid `main` function, it must have type `List String -> IO UInt32`""}]"
valid-memsafety,49,True,True,[],True,True,[],True,True,[]
