,property,expected_verdict,c_file,c_file_abs,yml_path,folder
0,no-overflow,True,c/bitvector/s3_clnt_2.BV.c.cil-2a.c,/workspace/sv-benchmarks/c/bitvector/s3_clnt_2.BV.c.cil-2a.c,c/bitvector/s3_clnt_2.BV.c.cil-2a.yml,bitvector
1,no-overflow,True,c/loops-crafted-1/watermelon.c,/workspace/sv-benchmarks/c/loops-crafted-1/watermelon.c,c/loops-crafted-1/watermelon.yml,loops-crafted-1
2,no-overflow,True,c/termination-restricted-15/java_Nested.c,/workspace/sv-benchmarks/c/termination-restricted-15/java_Nested.c,c/termination-restricted-15/java_Nested.yml,termination-restricted-15
3,no-overflow,True,c/recursive/recHanoi01.c,/workspace/sv-benchmarks/c/recursive/recHanoi01.c,c/recursive/recHanoi01.yml,recursive
4,no-overflow,True,c/recursive/McCarthy91-2.c,/workspace/sv-benchmarks/c/recursive/McCarthy91-2.c,c/recursive/McCarthy91-2.yml,recursive
5,no-overflow,False,c/termination-nla/ps4-both-nt.c,/workspace/sv-benchmarks/c/termination-nla/ps4-both-nt.c,c/termination-nla/ps4-both-nt.yml,termination-nla
6,no-overflow,False,c/termination-crafted/Thun-1.c,/workspace/sv-benchmarks/c/termination-crafted/Thun-1.c,c/termination-crafted/Thun-1.yml,termination-crafted
7,no-overflow,False,c/termination-crafted-lit/ChenFlurMukhopadhyay-SAS2012-Ex3.06.c,/workspace/sv-benchmarks/c/termination-crafted-lit/ChenFlurMukhopadhyay-SAS2012-Ex3.06.c,c/termination-crafted-lit/ChenFlurMukhopadhyay-SAS2012-Ex3.06.yml,termination-crafted-lit
8,no-overflow,False,c/termination-nla/geo1-both-nt.c,/workspace/sv-benchmarks/c/termination-nla/geo1-both-nt.c,c/termination-nla/geo1-both-nt.yml,termination-nla
9,no-overflow,False,c/termination-numeric/Et1_true.c,/workspace/sv-benchmarks/c/termination-numeric/Et1_true.c,c/termination-numeric/Et1_true.yml,termination-numeric
10,termination,True,c/termination-numeric/rec_counter3.c,/workspace/sv-benchmarks/c/termination-numeric/rec_counter3.c,c/termination-numeric/rec_counter3.yml,termination-numeric
11,termination,True,c/termination-restricted-15/PastaB7.c,/workspace/sv-benchmarks/c/termination-restricted-15/PastaB7.c,c/termination-restricted-15/PastaB7.yml,termination-restricted-15
12,termination,True,c/termination-restricted-15/PastaB1.c,/workspace/sv-benchmarks/c/termination-restricted-15/PastaB1.c,c/termination-restricted-15/PastaB1.yml,termination-restricted-15
13,termination,True,c/termination-crafted/Thun-2.c,/workspace/sv-benchmarks/c/termination-crafted/Thun-2.c,c/termination-crafted/Thun-2.yml,termination-crafted
14,termination,True,c/recursive-simple/id_b2_o3.c,/workspace/sv-benchmarks/c/recursive-simple/id_b2_o3.c,c/recursive-simple/id_b2_o3.yml,recursive-simple
15,termination,False,c/termination-restricted-15/Swingers.c,/workspace/sv-benchmarks/c/termination-restricted-15/Swingers.c,c/termination-restricted-15/Swingers.yml,termination-restricted-15
16,termination,False,c/termination-crafted-lit/BradleyMannaSipma-CAV2005-Fig1-modified.c,/workspace/sv-benchmarks/c/termination-crafted-lit/BradleyMannaSipma-CAV2005-Fig1-modified.c,c/termination-crafted-lit/BradleyMannaSipma-CAV2005-Fig1-modified.yml,termination-crafted-lit
17,termination,False,c/termination-restricted-15/Ex02.c,/workspace/sv-benchmarks/c/termination-restricted-15/Ex02.c,c/termination-restricted-15/Ex02.yml,termination-restricted-15
18,termination,False,c/termination-restricted-15/NO_22.c,/workspace/sv-benchmarks/c/termination-restricted-15/NO_22.c,c/termination-restricted-15/NO_22.yml,termination-restricted-15
19,termination,False,c/termination-nla/dijkstra1-both-nt.c,/workspace/sv-benchmarks/c/termination-nla/dijkstra1-both-nt.c,c/termination-nla/dijkstra1-both-nt.yml,termination-nla
20,unreach-call,True,c/recursive-simple/id_b5_o10-2.c,/workspace/sv-benchmarks/c/recursive-simple/id_b5_o10-2.c,c/recursive-simple/id_b5_o10-2.yml,recursive-simple
21,unreach-call,True,c/loop-acceleration/diamond_1-1.c,/workspace/sv-benchmarks/c/loop-acceleration/diamond_1-1.c,c/loop-acceleration/diamond_1-1.yml,loop-acceleration
22,unreach-call,True,c/array-fpi/ssina.c,/workspace/sv-benchmarks/c/array-fpi/ssina.c,c/array-fpi/ssina.yml,array-fpi
23,unreach-call,True,c/loops-crafted-1/in-de61.c,/workspace/sv-benchmarks/c/loops-crafted-1/in-de61.c,c/loops-crafted-1/in-de61.yml,loops-crafted-1
24,unreach-call,True,c/array-fpi/eqn5.c,/workspace/sv-benchmarks/c/array-fpi/eqn5.c,c/array-fpi/eqn5.yml,array-fpi
25,unreach-call,False,c/recursive-simple/id_i10_o10-1.c,/workspace/sv-benchmarks/c/recursive-simple/id_i10_o10-1.c,c/recursive-simple/id_i10_o10-1.yml,recursive-simple
26,unreach-call,False,c/array-fpi/brs2f.c,/workspace/sv-benchmarks/c/array-fpi/brs2f.c,c/array-fpi/brs2f.yml,array-fpi
27,unreach-call,False,c/recursive-simple/id_o3.c,/workspace/sv-benchmarks/c/recursive-simple/id_o3.c,c/recursive-simple/id_o3.yml,recursive-simple
28,unreach-call,False,c/array-fpi/s5iff.c,/workspace/sv-benchmarks/c/array-fpi/s5iff.c,c/array-fpi/s5iff.yml,array-fpi
29,unreach-call,False,c/array-fpi/ms3f.c,/workspace/sv-benchmarks/c/array-fpi/ms3f.c,c/array-fpi/ms3f.yml,array-fpi
