Unnamed: 0,property,expected_verdict,c_file,c_file_abs,yml_path,folder,strat_key,s42_pass,s42_success_at,s42_tokens,s42_time_sec,s42_code,s42_iter_log,s123_pass,s123_success_at,s123_tokens,s123_time_sec,s123_code,s123_iter_log,s999_pass,s999_success_at,s999_tokens,s999_time_sec,s999_code,s999_iter_log,final_prediction,avg_tokens,total_process_time_sec
96,no-overflow,True,c/recursive-simple/afterrec-2.c,/workspace/sv-benchmarks/c/recursive-simple/afterrec-2.c,c/recursive-simple/afterrec-2.yml,recursive-simple,no-overflow_True_recursive-simple,True,2,1960,25.21,"import Mathlib

def f : Nat → Bool
| 0 => true
| 1 => true
| 2 => true
| n+3 => f (n+2)

theorem no_error_in_f : ∀ n : Nat, n < 3 → f n = true
| 0, h => rfl
| 1, h => rfl
| 2, h => rfl
| n+3, h => by contradiction

theorem main_correct : f 2 = true :=
no_error_in_f 2 (by norm_num)","[{""it"": 1, ""extracted"": true, ""pass"": false, ""complete"": false, ""n_errors"": 5, ""n_sorries"": 0, ""verify_time_sec"": 3.56}, {""it"": 2, ""extracted"": true, ""pass"": true, ""complete"": true, ""n_errors"": 0, ""n_sorries"": 0, ""verify_time_sec"": 3.65}]",True,3,5144,51.87,"import Mathlib

-- Define the function `f` as described in the C code.
def f : Nat → IO Unit
| n => if n < 3 then pure () else f (n - 1)

-- Define the main function which calls `f(2)`.
def main : List String → IO UInt32 := fun _ =>
  do
    f 2
    pure 0

-- Prove that `f` does not cause an overflow when called with `n = 2`.
theorem f_does_not_overflow :
  ∀ n : Nat, n ≤ 2 → f n = pure ()
| 0, h => by simp [f]
| 1, h => by simp [f]
| 2, h => by simp [f]

-- Since `main` calls `f(2)`, we can conclude that there is no overflow.
theorem main_does_not_overflow :
  ∀ args : List String, main args = pure 0 :=
by intro args; simp [main, f_does_not_overflow]

#eval main [] -- This should evaluate to `pure 0` without any errors.","[{""it"": 1, ""extracted"": true, ""pass"": false, ""complete"": false, ""n_errors"": 5, ""n_sorries"": 0, ""verify_time_sec"": 3.63}, {""it"": 2, ""extracted"": true, ""pass"": false, ""complete"": false, ""n_errors"": 3, ""n_sorries"": 0, ""verify_time_sec"": 3.89}, {""it"": 3, ""extracted"": true, ""pass"": true, ""complete"": true, ""n_errors"": 0, ""n_sorries"": 0, ""verify_time_sec"": 3.82}]",False,-1,11341,100.37,,"[{""it"": 1, ""extracted"": true, ""pass"": false, ""complete"": false, ""n_errors"": 4, ""n_sorries"": 0, ""verify_time_sec"": 3.82}, {""it"": 2, ""extracted"": true, ""pass"": false, ""complete"": false, ""n_errors"": 2, ""n_sorries"": 0, ""verify_time_sec"": 3.71}, {""it"": 3, ""extracted"": true, ""pass"": false, ""complete"": false, ""n_errors"": 2, ""n_sorries"": 0, ""verify_time_sec"": 3.76}, {""it"": 4, ""extracted"": true, ""pass"": false, ""complete"": false, ""n_errors"": 2, ""n_sorries"": 0, ""verify_time_sec"": 3.54}, {""it"": 5, ""extracted"": true, ""pass"": false, ""complete"": false, ""n_errors"": 2, ""n_sorries"": 0, ""verify_time_sec"": 3.72}]",1,6148.3,100.37
580,unreach-call,False,c/recursive-simple/id_i10_o10-1.c,/workspace/sv-benchmarks/c/recursive-simple/id_i10_o10-1.c,c/recursive-simple/id_i10_o10-1.yml,recursive-simple,unreach-call_False_recursive-simple,False,-1,11815,87.85,,"[{""it"": 1, ""extracted"": true, ""pass"": false, ""complete"": false, ""n_errors"": 9, ""n_sorries"": 0, ""verify_time_sec"": 3.54}, {""it"": 2, ""extracted"": true, ""pass"": false, ""complete"": false, ""n_errors"": 5, ""n_sorries"": 0, ""verify_time_sec"": 3.62}, {""it"": 3, ""extracted"": true, ""pass"": false, ""complete"": false, ""n_errors"": 6, ""n_sorries"": 0, ""verify_time_sec"": 3.62}, {""it"": 4, ""extracted"": true, ""pass"": false, ""complete"": false, ""n_errors"": 4, ""n_sorries"": 0, ""verify_time_sec"": 3.68}, {""it"": 5, ""extracted"": true, ""pass"": false, ""complete"": false, ""n_errors"": 4, ""n_sorries"": 0, ""verify_time_sec"": 3.53}]",False,-1,11098,84.33,,"[{""it"": 1, ""extracted"": true, ""pass"": false, ""complete"": false, ""n_errors"": 4, ""n_sorries"": 0, ""verify_time_sec"": 3.55}, {""it"": 2, ""extracted"": true, ""pass"": false, ""complete"": false, ""n_errors"": 4, ""n_sorries"": 0, ""verify_time_sec"": 3.51}, {""it"": 3, ""extracted"": true, ""pass"": false, ""complete"": false, ""n_errors"": 4, ""n_sorries"": 0, ""verify_time_sec"": 3.56}, {""it"": 4, ""extracted"": true, ""pass"": false, ""complete"": false, ""n_errors"": 4, ""n_sorries"": 0, ""verify_time_sec"": 3.55}, {""it"": 5, ""extracted"": true, ""pass"": false, ""complete"": false, ""n_errors"": 4, ""n_sorries"": 0, ""verify_time_sec"": 3.55}]",False,-1,15118,125.86,,"[{""it"": 1, ""extracted"": true, ""pass"": false, ""complete"": false, ""n_errors"": 7, ""n_sorries"": 0, ""verify_time_sec"": 1.12}, {""it"": 2, ""extracted"": true, ""pass"": false, ""complete"": false, ""n_errors"": 3, ""n_sorries"": 0, ""verify_time_sec"": 1.07}, {""it"": 3, ""extracted"": true, ""pass"": false, ""complete"": false, ""n_errors"": 3, ""n_sorries"": 0, ""verify_time_sec"": 1.17}, {""it"": 4, ""extracted"": true, ""pass"": false, ""complete"": false, ""n_errors"": 3, ""n_sorries"": 0, ""verify_time_sec"": 1.08}, {""it"": 5, ""extracted"": true, ""pass"": false, ""complete"": false, ""n_errors"": 3, ""n_sorries"": 0, ""verify_time_sec"": 1.13}]",0,12677.0,125.87
149,no-overflow,False,c/termination-numeric/Et1_true.c,/workspace/sv-benchmarks/c/termination-numeric/Et1_true.c,c/termination-numeric/Et1_true.yml,termination-numeric,no-overflow_False_termination-numeric,False,-1,19158,159.23,,"[{""it"": 1, ""extracted"": true, ""pass"": false, ""complete"": false, ""n_errors"": 5, ""n_sorries"": 2, ""verify_time_sec"": 1.15}, {""it"": 2, ""extracted"": true, ""pass"": false, ""complete"": false, ""n_errors"": 10, ""n_sorries"": 0, ""verify_time_sec"": 0.76}, {""it"": 3, ""extracted"": true, ""pass"": false, ""complete"": false, ""n_errors"": 10, ""n_sorries"": 0, ""verify_time_sec"": 0.74}, {""it"": 4, ""extracted"": true, ""pass"": false, ""complete"": false, ""n_errors"": 10, ""n_sorries"": 0, ""verify_time_sec"": 0.73}, {""it"": 5, ""extracted"": true, ""pass"": false, ""complete"": false, ""n_errors"": 10, ""n_sorries"": 0, ""verify_time_sec"": 0.73}]",False,-1,18602,117.03,,"[{""it"": 1, ""extracted"": true, ""pass"": false, ""complete"": false, ""n_errors"": 9, ""n_sorries"": 0, ""verify_time_sec"": 0.72}, {""it"": 2, ""extracted"": true, ""pass"": false, ""complete"": false, ""n_errors"": 9, ""n_sorries"": 0, ""verify_time_sec"": 0.75}, {""it"": 3, ""extracted"": true, ""pass"": false, ""complete"": false, ""n_errors"": 11, ""n_sorries"": 0, ""verify_time_sec"": 0.74}, {""it"": 4, ""extracted"": true, ""pass"": false, ""complete"": false, ""n_errors"": 11, ""n_sorries"": 0, ""verify_time_sec"": 0.74}, {""it"": 5, ""extracted"": true, ""pass"": false, ""complete"": false, ""n_errors"": 11, ""n_sorries"": 0, ""verify_time_sec"": 0.75}]",False,-1,18853,126.38,,"[{""it"": 1, ""extracted"": true, ""pass"": false, ""complete"": false, ""n_errors"": 9, ""n_sorries"": 0, ""verify_time_sec"": 1.53}, {""it"": 2, ""extracted"": true, ""pass"": false, ""complete"": false, ""n_errors"": 5, ""n_sorries"": 0, ""verify_time_sec"": 1.29}, {""it"": 3, ""extracted"": true, ""pass"": false, ""complete"": false, ""n_errors"": 6, ""n_sorries"": 0, ""verify_time_sec"": 1.55}, {""it"": 4, ""extracted"": true, ""pass"": false, ""complete"": false, ""n_errors"": 4, ""n_sorries"": 0, ""verify_time_sec"": 1.58}, {""it"": 5, ""extracted"": true, ""pass"": false, ""complete"": false, ""n_errors"": 5, ""n_sorries"": 0, ""verify_time_sec"": 1.56}]",0,18871.0,159.23
600,valid-memsafety,True,c/loops-crafted-1/net_reset.c,/workspace/sv-benchmarks/c/loops-crafted-1/net_reset.c,c/loops-crafted-1/net_reset.yml,loops-crafted-1,valid-memsafety_True_loops-crafted-1,False,-1,32213,220.71,,"[{""it"": 1, ""extracted"": false, ""pass"": false, ""complete"": false, ""n_errors"": 0, ""n_sorries"": 0, ""verify_time_sec"": 0.0}, {""it"": 2, ""extracted"": true, ""pass"": false, ""complete"": false, ""n_errors"": 12, ""n_sorries"": 0, ""verify_time_sec"": 3.97}, {""it"": 3, ""extracted"": true, ""pass"": false, ""complete"": false, ""n_errors"": 3, ""n_sorries"": 0, ""verify_time_sec"": 4.07}, {""it"": 4, ""extracted"": true, ""pass"": false, ""complete"": false, ""n_errors"": 2, ""n_sorries"": 0, ""verify_time_sec"": 3.98}, {""it"": 5, ""extracted"": true, ""pass"": false, ""complete"": false, ""n_errors"": 1, ""n_sorries"": 0, ""verify_time_sec"": 3.95}]",False,-1,31807,205.11,,"[{""it"": 1, ""extracted"": false, ""pass"": false, ""complete"": false, ""n_errors"": 0, ""n_sorries"": 0, ""verify_time_sec"": 0.0}, {""it"": 2, ""extracted"": true, ""pass"": false, ""complete"": false, ""n_errors"": 9, ""n_sorries"": 0, ""verify_time_sec"": 4.07}, {""it"": 3, ""extracted"": true, ""pass"": false, ""complete"": false, ""n_errors"": 5, ""n_sorries"": 0, ""verify_time_sec"": 3.93}, {""it"": 4, ""extracted"": true, ""pass"": false, ""complete"": false, ""n_errors"": 5, ""n_sorries"": 0, ""verify_time_sec"": 3.94}, {""it"": 5, ""extracted"": true, ""pass"": false, ""complete"": false, ""n_errors"": 5, ""n_sorries"": 0, ""verify_time_sec"": 3.92}]",False,-1,33562,199.36,,"[{""it"": 1, ""extracted"": true, ""pass"": false, ""complete"": false, ""n_errors"": 13, ""n_sorries"": 0, ""verify_time_sec"": 3.78}, {""it"": 2, ""extracted"": true, ""pass"": false, ""complete"": false, ""n_errors"": 12, ""n_sorries"": 0, ""verify_time_sec"": 3.73}, {""it"": 3, ""extracted"": true, ""pass"": false, ""complete"": false, ""n_errors"": 12, ""n_sorries"": 0, ""verify_time_sec"": 3.8}, {""it"": 4, ""extracted"": true, ""pass"": false, ""complete"": false, ""n_errors"": 12, ""n_sorries"": 0, ""verify_time_sec"": 3.74}, {""it"": 5, ""extracted"": true, ""pass"": false, ""complete"": false, ""n_errors"": 7, ""n_sorries"": 0, ""verify_time_sec"": 3.77}]",0,32527.3,220.71
334,termination,False,c/termination-nla/dijkstra2-both-nt.c,/workspace/sv-benchmarks/c/termination-nla/dijkstra2-both-nt.c,c/termination-nla/dijkstra2-both-nt.yml,termination-nla,termination_False_termination-nla,False,-1,26113,193.75,,"[{""it"": 1, ""extracted"": true, ""pass"": false, ""complete"": false, ""n_errors"": 3, ""n_sorries"": 0, ""verify_time_sec"": 3.62}, {""it"": 2, ""extracted"": true, ""pass"": false, ""complete"": false, ""n_errors"": 1, ""n_sorries"": 0, ""verify_time_sec"": 3.68}, {""it"": 3, ""extracted"": true, ""pass"": false, ""complete"": false, ""n_errors"": 1, ""n_sorries"": 0, ""verify_time_sec"": 3.51}, {""it"": 4, ""extracted"": true, ""pass"": false, ""complete"": false, ""n_errors"": 1, ""n_sorries"": 0, ""verify_time_sec"": 3.53}, {""it"": 5, ""extracted"": true, ""pass"": false, ""complete"": false, ""n_errors"": 1, ""n_sorries"": 0, ""verify_time_sec"": 3.5}]",False,-1,30493,296.28,,"[{""it"": 1, ""extracted"": false, ""pass"": false, ""complete"": false, ""n_errors"": 0, ""n_sorries"": 0, ""verify_time_sec"": 0.0}, {""it"": 2, ""extracted"": true, ""pass"": false, ""complete"": false, ""n_errors"": 12, ""n_sorries"": 0, ""verify_time_sec"": 0.79}, {""it"": 3, ""extracted"": true, ""pass"": false, ""complete"": false, ""n_errors"": 12, ""n_sorries"": 0, ""verify_time_sec"": 0.78}, {""it"": 4, ""extracted"": true, ""pass"": false, ""complete"": false, ""n_errors"": 12, ""n_sorries"": 0, ""verify_time_sec"": 0.77}, {""it"": 5, ""extracted"": true, ""pass"": false, ""complete"": false, ""n_errors"": 12, ""n_sorries"": 0, ""verify_time_sec"": 0.79}]",False,-1,24420,164.71,,"[{""it"": 1, ""extracted"": true, ""pass"": false, ""complete"": false, ""n_errors"": 5, ""n_sorries"": 0, ""verify_time_sec"": 3.56}, {""it"": 2, ""extracted"": true, ""pass"": false, ""complete"": false, ""n_errors"": 6, ""n_sorries"": 0, ""verify_time_sec"": 3.57}, {""it"": 3, ""extracted"": true, ""pass"": false, ""complete"": false, ""n_errors"": 7, ""n_sorries"": 0, ""verify_time_sec"": 4.47}, {""it"": 4, ""extracted"": true, ""pass"": false, ""complete"": false, ""n_errors"": 7, ""n_sorries"": 0, ""verify_time_sec"": 3.67}, {""it"": 5, ""extracted"": true, ""pass"": false, ""complete"": false, ""n_errors"": 7, ""n_sorries"": 0, ""verify_time_sec"": 3.64}]",0,27008.7,296.28
250,termination,True,c/termination-crafted/Thun-2.c,/workspace/sv-benchmarks/c/termination-crafted/Thun-2.c,c/termination-crafted/Thun-2.yml,termination-crafted,termination_True_termination-crafted,False,-1,25125,222.96,,"[{""it"": 1, ""extracted"": true, ""pass"": false, ""complete"": false, ""n_errors"": 6, ""n_sorries"": 0, ""verify_time_sec"": 3.65}, {""it"": 2, ""extracted"": true, ""pass"": false, ""complete"": false, ""n_errors"": 4, ""n_sorries"": 0, ""verify_time_sec"": 3.59}, {""it"": 3, ""extracted"": true, ""pass"": false, ""complete"": false, ""n_errors"": 4, ""n_sorries"": 0, ""verify_time_sec"": 3.61}, {""it"": 4, ""extracted"": true, ""pass"": false, ""complete"": false, ""n_errors"": 4, ""n_sorries"": 0, ""verify_time_sec"": 3.52}, {""it"": 5, ""extracted"": true, ""pass"": false, ""complete"": false, ""n_errors"": 4, ""n_sorries"": 0, ""verify_time_sec"": 3.6}]",False,-1,35445,355.08,,"[{""it"": 1, ""extracted"": true, ""pass"": false, ""complete"": false, ""n_errors"": 8, ""n_sorries"": 0, ""verify_time_sec"": 1.44}, {""it"": 2, ""extracted"": true, ""pass"": false, ""complete"": false, ""n_errors"": 8, ""n_sorries"": 0, ""verify_time_sec"": 1.43}, {""it"": 3, ""extracted"": true, ""pass"": false, ""complete"": false, ""n_errors"": 8, ""n_sorries"": 0, ""verify_time_sec"": 1.34}, {""it"": 4, ""extracted"": true, ""pass"": false, ""complete"": false, ""n_errors"": 8, ""n_sorries"": 0, ""verify_time_sec"": 1.41}, {""it"": 5, ""extracted"": true, ""pass"": false, ""complete"": false, ""n_errors"": 2, ""n_sorries"": 0, ""verify_time_sec"": 1.39}]",False,-1,24394,225.97,,"[{""it"": 1, ""extracted"": true, ""pass"": false, ""complete"": false, ""n_errors"": 4, ""n_sorries"": 0, ""verify_time_sec"": 3.59}, {""it"": 2, ""extracted"": true, ""pass"": false, ""complete"": false, ""n_errors"": 6, ""n_sorries"": 0, ""verify_time_sec"": 3.54}, {""it"": 3, ""extracted"": true, ""pass"": false, ""complete"": false, ""n_errors"": 4, ""n_sorries"": 0, ""verify_time_sec"": 3.65}, {""it"": 4, ""extracted"": true, ""pass"": false, ""complete"": false, ""n_errors"": 3, ""n_sorries"": 0, ""verify_time_sec"": 3.6}, {""it"": 5, ""extracted"": true, ""pass"": false, ""complete"": false, ""n_errors"": 3, ""n_sorries"": 0, ""verify_time_sec"": 3.53}]",0,28321.3,355.09
480,unreach-call,True,c/recursive-simple/id_b5_o10-2.c,/workspace/sv-benchmarks/c/recursive-simple/id_b5_o10-2.c,c/recursive-simple/id_b5_o10-2.yml,recursive-simple,unreach-call_True_recursive-simple,False,-1,28217,278.42,,"[{""it"": 1, ""extracted"": true, ""pass"": false, ""complete"": false, ""n_errors"": 3, ""n_sorries"": 0, ""verify_time_sec"": 3.54}, {""it"": 2, ""extracted"": true, ""pass"": false, ""complete"": false, ""n_errors"": 9, ""n_sorries"": 0, ""verify_time_sec"": 3.83}, {""it"": 3, ""extracted"": true, ""pass"": false, ""complete"": false, ""n_errors"": 10, ""n_sorries"": 0, ""verify_time_sec"": 3.8}, {""it"": 4, ""extracted"": true, ""pass"": false, ""complete"": false, ""n_errors"": 10, ""n_sorries"": 0, ""verify_time_sec"": 3.8}, {""it"": 5, ""extracted"": true, ""pass"": false, ""complete"": false, ""n_errors"": 10, ""n_sorries"": 0, ""verify_time_sec"": 3.8}]",False,-1,17135,180.65,,"[{""it"": 1, ""extracted"": true, ""pass"": false, ""complete"": false, ""n_errors"": 4, ""n_sorries"": 0, ""verify_time_sec"": 3.65}, {""it"": 2, ""extracted"": true, ""pass"": false, ""complete"": false, ""n_errors"": 2, ""n_sorries"": 0, ""verify_time_sec"": 3.68}, {""it"": 3, ""extracted"": true, ""pass"": false, ""complete"": false, ""n_errors"": 6, ""n_sorries"": 0, ""verify_time_sec"": 3.57}, {""it"": 4, ""extracted"": true, ""pass"": false, ""complete"": false, ""n_errors"": 6, ""n_sorries"": 0, ""verify_time_sec"": 3.61}, {""it"": 5, ""extracted"": true, ""pass"": false, ""complete"": false, ""n_errors"": 6, ""n_sorries"": 0, ""verify_time_sec"": 3.58}]",False,-1,16205,149.52,,"[{""it"": 1, ""extracted"": true, ""pass"": false, ""complete"": false, ""n_errors"": 8, ""n_sorries"": 0, ""verify_time_sec"": 1.15}, {""it"": 2, ""extracted"": true, ""pass"": false, ""complete"": false, ""n_errors"": 7, ""n_sorries"": 0, ""verify_time_sec"": 1.12}, {""it"": 3, ""extracted"": true, ""pass"": false, ""complete"": false, ""n_errors"": 6, ""n_sorries"": 0, ""verify_time_sec"": 1.13}, {""it"": 4, ""extracted"": true, ""pass"": false, ""complete"": false, ""n_errors"": 4, ""n_sorries"": 0, ""verify_time_sec"": 1.06}, {""it"": 5, ""extracted"": true, ""pass"": false, ""complete"": false, ""n_errors"": 4, ""n_sorries"": 0, ""verify_time_sec"": 1.13}]",0,20519.0,278.42
450,unreach-call,True,c/loop-acceleration/diamond_1-1.c,/workspace/sv-benchmarks/c/loop-acceleration/diamond_1-1.c,c/loop-acceleration/diamond_1-1.yml,loop-acceleration,unreach-call_True_loop-acceleration,False,-1,24892,255.96,,"[{""it"": 1, ""extracted"": true, ""pass"": false, ""complete"": false, ""n_errors"": 12, ""n_sorries"": 0, ""verify_time_sec"": 0.75}, {""it"": 2, ""extracted"": true, ""pass"": false, ""complete"": false, ""n_errors"": 12, ""n_sorries"": 0, ""verify_time_sec"": 0.78}, {""it"": 3, ""extracted"": true, ""pass"": false, ""complete"": false, ""n_errors"": 12, ""n_sorries"": 0, ""verify_time_sec"": 0.72}, {""it"": 4, ""extracted"": true, ""pass"": false, ""complete"": false, ""n_errors"": 11, ""n_sorries"": 0, ""verify_time_sec"": 0.78}, {""it"": 5, ""extracted"": true, ""pass"": false, ""complete"": false, ""n_errors"": 11, ""n_sorries"": 0, ""verify_time_sec"": 0.76}]",False,-1,44547,440.87,,"[{""it"": 1, ""extracted"": true, ""pass"": false, ""complete"": false, ""n_errors"": 8, ""n_sorries"": 0, ""verify_time_sec"": 3.58}, {""it"": 2, ""extracted"": true, ""pass"": false, ""complete"": false, ""n_errors"": 12, ""n_sorries"": 0, ""verify_time_sec"": 3.91}, {""it"": 3, ""extracted"": true, ""pass"": false, ""complete"": false, ""n_errors"": 12, ""n_sorries"": 0, ""verify_time_sec"": 3.89}, {""it"": 4, ""extracted"": true, ""pass"": false, ""complete"": false, ""n_errors"": 12, ""n_sorries"": 0, ""verify_time_sec"": 3.95}, {""it"": 5, ""extracted"": true, ""pass"": false, ""complete"": false, ""n_errors"": 12, ""n_sorries"": 0, ""verify_time_sec"": 3.82}]",False,-1,14270,154.41,,"[{""it"": 1, ""extracted"": true, ""pass"": false, ""complete"": false, ""n_errors"": 2, ""n_sorries"": 0, ""verify_time_sec"": 4.32}, {""it"": 2, ""extracted"": true, ""pass"": false, ""complete"": false, ""n_errors"": 2, ""n_sorries"": 0, ""verify_time_sec"": 4.24}, {""it"": 3, ""extracted"": true, ""pass"": false, ""complete"": false, ""n_errors"": 2, ""n_sorries"": 0, ""verify_time_sec"": 4.24}, {""it"": 4, ""extracted"": true, ""pass"": false, ""complete"": false, ""n_errors"": 2, ""n_sorries"": 0, ""verify_time_sec"": 4.28}, {""it"": 5, ""extracted"": true, ""pass"": false, ""complete"": false, ""n_errors"": 2, ""n_sorries"": 0, ""verify_time_sec"": 4.3}]",0,27903.0,440.87
3,def-behavior,False,c/termination-crafted/Arrays01-EquivalentConstantIndices-2.c,/workspace/sv-benchmarks/c/termination-crafted/Arrays01-EquivalentConstantIndices-2.c,c/termination-crafted/Arrays01-EquivalentConstantIndices-2.yml,termination-crafted,def-behavior_False_termination-crafted,False,-1,20929,190.09,,"[{""it"": 1, ""extracted"": true, ""pass"": false, ""complete"": false, ""n_errors"": 8, ""n_sorries"": 0, ""verify_time_sec"": 3.97}, {""it"": 2, ""extracted"": true, ""pass"": false, ""complete"": false, ""n_errors"": 13, ""n_sorries"": 0, ""verify_time_sec"": 0.7}, {""it"": 3, ""extracted"": true, ""pass"": false, ""complete"": false, ""n_errors"": 13, ""n_sorries"": 0, ""verify_time_sec"": 0.65}, {""it"": 4, ""extracted"": true, ""pass"": false, ""complete"": false, ""n_errors"": 13, ""n_sorries"": 0, ""verify_time_sec"": 0.66}, {""it"": 5, ""extracted"": true, ""pass"": false, ""complete"": false, ""n_errors"": 13, ""n_sorries"": 0, ""verify_time_sec"": 0.64}]",False,-1,19625,181.19,,"[{""it"": 1, ""extracted"": true, ""pass"": false, ""complete"": false, ""n_errors"": 10, ""n_sorries"": 0, ""verify_time_sec"": 0.67}, {""it"": 2, ""extracted"": true, ""pass"": false, ""complete"": false, ""n_errors"": 10, ""n_sorries"": 0, ""verify_time_sec"": 0.64}, {""it"": 3, ""extracted"": true, ""pass"": false, ""complete"": false, ""n_errors"": 10, ""n_sorries"": 0, ""verify_time_sec"": 0.67}, {""it"": 4, ""extracted"": true, ""pass"": false, ""complete"": false, ""n_errors"": 10, ""n_sorries"": 0, ""verify_time_sec"": 0.68}, {""it"": 5, ""extracted"": true, ""pass"": false, ""complete"": false, ""n_errors"": 10, ""n_sorries"": 0, ""verify_time_sec"": 0.7}]",False,-1,18069,156.33,,"[{""it"": 1, ""extracted"": true, ""pass"": false, ""complete"": false, ""n_errors"": 12, ""n_sorries"": 0, ""verify_time_sec"": 0.65}, {""it"": 2, ""extracted"": true, ""pass"": false, ""complete"": false, ""n_errors"": 12, ""n_sorries"": 0, ""verify_time_sec"": 0.65}, {""it"": 3, ""extracted"": true, ""pass"": false, ""complete"": false, ""n_errors"": 12, ""n_sorries"": 0, ""verify_time_sec"": 0.69}, {""it"": 4, ""extracted"": true, ""pass"": false, ""complete"": false, ""n_errors"": 12, ""n_sorries"": 0, ""verify_time_sec"": 0.68}, {""it"": 5, ""extracted"": true, ""pass"": false, ""complete"": false, ""n_errors"": 12, ""n_sorries"": 0, ""verify_time_sec"": 0.63}]",0,19541.0,190.09
639,valid-memsafety,True,c/loops/heavy-2.c,/workspace/sv-benchmarks/c/loops/heavy-2.c,c/loops/heavy-2.yml,loops,valid-memsafety_True_loops,False,-1,25791,288.74,,"[{""it"": 1, ""extracted"": true, ""pass"": false, ""complete"": false, ""n_errors"": 6, ""n_sorries"": 0, ""verify_time_sec"": 3.53}, {""it"": 2, ""extracted"": true, ""pass"": false, ""complete"": false, ""n_errors"": 6, ""n_sorries"": 0, ""verify_time_sec"": 3.58}, {""it"": 3, ""extracted"": true, ""pass"": false, ""complete"": false, ""n_errors"": 8, ""n_sorries"": 0, ""verify_time_sec"": 3.64}, {""it"": 4, ""extracted"": true, ""pass"": false, ""complete"": false, ""n_errors"": 6, ""n_sorries"": 0, ""verify_time_sec"": 3.51}, {""it"": 5, ""extracted"": true, ""pass"": false, ""complete"": false, ""n_errors"": 6, ""n_sorries"": 0, ""verify_time_sec"": 3.63}]",False,-1,23703,216.71,,"[{""it"": 1, ""extracted"": true, ""pass"": false, ""complete"": false, ""n_errors"": 19, ""n_sorries"": 0, ""verify_time_sec"": 0.7}, {""it"": 2, ""extracted"": true, ""pass"": false, ""complete"": false, ""n_errors"": 19, ""n_sorries"": 0, ""verify_time_sec"": 0.67}, {""it"": 3, ""extracted"": true, ""pass"": false, ""complete"": false, ""n_errors"": 19, ""n_sorries"": 0, ""verify_time_sec"": 0.69}, {""it"": 4, ""extracted"": true, ""pass"": false, ""complete"": false, ""n_errors"": 19, ""n_sorries"": 0, ""verify_time_sec"": 0.66}, {""it"": 5, ""extracted"": true, ""pass"": false, ""complete"": false, ""n_errors"": 19, ""n_sorries"": 0, ""verify_time_sec"": 0.61}]",False,-1,18238,215.08,,"[{""it"": 1, ""extracted"": true, ""pass"": false, ""complete"": false, ""n_errors"": 5, ""n_sorries"": 0, ""verify_time_sec"": 3.59}, {""it"": 2, ""extracted"": true, ""pass"": false, ""complete"": false, ""n_errors"": 6, ""n_sorries"": 0, ""verify_time_sec"": 3.61}, {""it"": 3, ""extracted"": true, ""pass"": false, ""complete"": false, ""n_errors"": 6, ""n_sorries"": 0, ""verify_time_sec"": 3.57}, {""it"": 4, ""extracted"": true, ""pass"": false, ""complete"": false, ""n_errors"": 6, ""n_sorries"": 0, ""verify_time_sec"": 3.66}, {""it"": 5, ""extracted"": true, ""pass"": false, ""complete"": false, ""n_errors"": 6, ""n_sorries"": 0, ""verify_time_sec"": 3.6}]",0,22577.3,288.74
244,termination,True,c/termination-crafted-lit/LarrazOliverasRodriguez-CarbonellRubio-FMCAD2013-Fig1.c,/workspace/sv-benchmarks/c/termination-crafted-lit/LarrazOliverasRodriguez-CarbonellRubio-FMCAD2013-Fig1.c,c/termination-crafted-lit/LarrazOliverasRodriguez-CarbonellRubio-FMCAD2013-Fig1.yml,termination-crafted-lit,termination_True_termination-crafted-lit,False,-1,24335,244.8,,"[{""it"": 1, ""extracted"": true, ""pass"": false, ""complete"": false, ""n_errors"": 6, ""n_sorries"": 0, ""verify_time_sec"": 3.57}, {""it"": 2, ""extracted"": true, ""pass"": false, ""complete"": false, ""n_errors"": 6, ""n_sorries"": 0, ""verify_time_sec"": 3.53}, {""it"": 3, ""extracted"": true, ""pass"": false, ""complete"": false, ""n_errors"": 6, ""n_sorries"": 0, ""verify_time_sec"": 3.47}, {""it"": 4, ""extracted"": true, ""pass"": false, ""complete"": false, ""n_errors"": 6, ""n_sorries"": 0, ""verify_time_sec"": 3.57}, {""it"": 5, ""extracted"": true, ""pass"": false, ""complete"": false, ""n_errors"": 6, ""n_sorries"": 0, ""verify_time_sec"": 3.64}]",False,-1,19835,175.99,,"[{""it"": 1, ""extracted"": true, ""pass"": false, ""complete"": false, ""n_errors"": 7, ""n_sorries"": 0, ""verify_time_sec"": 0.74}, {""it"": 2, ""extracted"": true, ""pass"": false, ""complete"": false, ""n_errors"": 7, ""n_sorries"": 0, ""verify_time_sec"": 0.81}, {""it"": 3, ""extracted"": true, ""pass"": false, ""complete"": false, ""n_errors"": 6, ""n_sorries"": 0, ""verify_time_sec"": 0.8}, {""it"": 4, ""extracted"": true, ""pass"": false, ""complete"": false, ""n_errors"": 5, ""n_sorries"": 0, ""verify_time_sec"": 0.76}, {""it"": 5, ""extracted"": true, ""pass"": false, ""complete"": false, ""n_errors"": 5, ""n_sorries"": 0, ""verify_time_sec"": 0.8}]",False,-1,47667,508.09,,"[{""it"": 1, ""extracted"": true, ""pass"": false, ""complete"": false, ""n_errors"": 18, ""n_sorries"": 0, ""verify_time_sec"": 0.77}, {""it"": 2, ""extracted"": true, ""pass"": false, ""complete"": false, ""n_errors"": 18, ""n_sorries"": 0, ""verify_time_sec"": 0.78}, {""it"": 3, ""extracted"": true, ""pass"": false, ""complete"": false, ""n_errors"": 17, ""n_sorries"": 0, ""verify_time_sec"": 0.75}, {""it"": 4, ""extracted"": true, ""pass"": false, ""complete"": false, ""n_errors"": 17, ""n_sorries"": 0, ""verify_time_sec"": 0.75}, {""it"": 5, ""extracted"": false, ""pass"": false, ""complete"": false, ""n_errors"": 0, ""n_sorries"": 0, ""verify_time_sec"": 0.0}]",0,30612.3,508.1
50,no-overflow,True,c/recursive/recHanoi01.c,/workspace/sv-benchmarks/c/recursive/recHanoi01.c,c/recursive/recHanoi01.yml,recursive,no-overflow_True_recursive,False,-1,14108,150.93,,"[{""it"": 1, ""extracted"": true, ""pass"": false, ""complete"": false, ""n_errors"": 5, ""n_sorries"": 0, ""verify_time_sec"": 3.67}, {""it"": 2, ""extracted"": true, ""pass"": false, ""complete"": false, ""n_errors"": 3, ""n_sorries"": 0, ""verify_time_sec"": 3.79}, {""it"": 3, ""extracted"": true, ""pass"": false, ""complete"": false, ""n_errors"": 2, ""n_sorries"": 0, ""verify_time_sec"": 10.07}, {""it"": 4, ""extracted"": true, ""pass"": false, ""complete"": false, ""n_errors"": 2, ""n_sorries"": 0, ""verify_time_sec"": 3.74}, {""it"": 5, ""extracted"": true, ""pass"": false, ""complete"": false, ""n_errors"": 2, ""n_sorries"": 0, ""verify_time_sec"": 3.78}]",False,-1,20638,180.81,,"[{""it"": 1, ""extracted"": true, ""pass"": false, ""complete"": false, ""n_errors"": 9, ""n_sorries"": 0, ""verify_time_sec"": 1.14}, {""it"": 2, ""extracted"": true, ""pass"": false, ""complete"": false, ""n_errors"": 9, ""n_sorries"": 0, ""verify_time_sec"": 1.16}, {""it"": 3, ""extracted"": true, ""pass"": false, ""complete"": false, ""n_errors"": 9, ""n_sorries"": 0, ""verify_time_sec"": 1.07}, {""it"": 4, ""extracted"": true, ""pass"": false, ""complete"": false, ""n_errors"": 10, ""n_sorries"": 0, ""verify_time_sec"": 1.11}, {""it"": 5, ""extracted"": true, ""pass"": false, ""complete"": false, ""n_errors"": 10, ""n_sorries"": 0, ""verify_time_sec"": 1.13}]",False,-1,24662,266.46,,"[{""it"": 1, ""extracted"": true, ""pass"": false, ""complete"": false, ""n_errors"": 10, ""n_sorries"": 0, ""verify_time_sec"": 0.79}, {""it"": 2, ""extracted"": true, ""pass"": false, ""complete"": false, ""n_errors"": 10, ""n_sorries"": 0, ""verify_time_sec"": 0.75}, {""it"": 3, ""extracted"": true, ""pass"": false, ""complete"": false, ""n_errors"": 10, ""n_sorries"": 0, ""verify_time_sec"": 0.77}, {""it"": 4, ""extracted"": true, ""pass"": false, ""complete"": false, ""n_errors"": 10, ""n_sorries"": 0, ""verify_time_sec"": 0.74}, {""it"": 5, ""extracted"": true, ""pass"": false, ""complete"": false, ""n_errors"": 10, ""n_sorries"": 0, ""verify_time_sec"": 0.78}]",0,19802.7,266.47
519,unreach-call,False,c/loops/nec20.c,/workspace/sv-benchmarks/c/loops/nec20.c,c/loops/nec20.yml,loops,unreach-call_False_loops,False,-1,32280,330.0,,"[{""it"": 1, ""extracted"": true, ""pass"": false, ""complete"": false, ""n_errors"": 7, ""n_sorries"": 0, ""verify_time_sec"": 1.15}, {""it"": 2, ""extracted"": true, ""pass"": false, ""complete"": false, ""n_errors"": 9, ""n_sorries"": 0, ""verify_time_sec"": 0.76}, {""it"": 3, ""extracted"": true, ""pass"": false, ""complete"": false, ""n_errors"": 9, ""n_sorries"": 0, ""verify_time_sec"": 0.77}, {""it"": 4, ""extracted"": true, ""pass"": false, ""complete"": false, ""n_errors"": 9, ""n_sorries"": 0, ""verify_time_sec"": 0.74}, {""it"": 5, ""extracted"": true, ""pass"": false, ""complete"": false, ""n_errors"": 9, ""n_sorries"": 0, ""verify_time_sec"": 0.78}]",False,-1,51882,655.5,,"[{""it"": 1, ""extracted"": true, ""pass"": false, ""complete"": false, ""n_errors"": 12, ""n_sorries"": 0, ""verify_time_sec"": 0.82}, {""it"": 2, ""extracted"": false, ""pass"": false, ""complete"": false, ""n_errors"": 0, ""n_sorries"": 0, ""verify_time_sec"": 0.0}, {""it"": 3, ""extracted"": false, ""pass"": false, ""complete"": false, ""n_errors"": 0, ""n_sorries"": 0, ""verify_time_sec"": 0.0}, {""it"": 4, ""extracted"": true, ""pass"": false, ""complete"": false, ""n_errors"": 12, ""n_sorries"": 0, ""verify_time_sec"": 0.78}, {""it"": 5, ""extracted"": true, ""pass"": false, ""complete"": false, ""n_errors"": 12, ""n_sorries"": 0, ""verify_time_sec"": 0.77}]",False,-1,41137,501.7,,"[{""it"": 1, ""extracted"": true, ""pass"": false, ""complete"": false, ""n_errors"": 10, ""n_sorries"": 0, ""verify_time_sec"": 0.67}, {""it"": 2, ""extracted"": true, ""pass"": false, ""complete"": false, ""n_errors"": 10, ""n_sorries"": 0, ""verify_time_sec"": 0.67}, {""it"": 3, ""extracted"": true, ""pass"": false, ""complete"": false, ""n_errors"": 12, ""n_sorries"": 0, ""verify_time_sec"": 0.67}, {""it"": 4, ""extracted"": true, ""pass"": false, ""complete"": false, ""n_errors"": 12, ""n_sorries"": 0, ""verify_time_sec"": 0.61}, {""it"": 5, ""extracted"": true, ""pass"": false, ""complete"": false, ""n_errors"": 12, ""n_sorries"": 0, ""verify_time_sec"": 0.61}]",0,41766.3,655.5
58,no-overflow,True,c/loops-crafted-1/watermelon.c,/workspace/sv-benchmarks/c/loops-crafted-1/watermelon.c,c/loops-crafted-1/watermelon.yml,loops-crafted-1,no-overflow_True_loops-crafted-1,False,-1,18381,143.35,,"[{""it"": 1, ""extracted"": true, ""pass"": false, ""complete"": false, ""n_errors"": 11, ""n_sorries"": 0, ""verify_time_sec"": 3.51}, {""it"": 2, ""extracted"": true, ""pass"": false, ""complete"": false, ""n_errors"": 5, ""n_sorries"": 0, ""verify_time_sec"": 3.59}, {""it"": 3, ""extracted"": true, ""pass"": false, ""complete"": false, ""n_errors"": 3, ""n_sorries"": 0, ""verify_time_sec"": 3.58}, {""it"": 4, ""extracted"": true, ""pass"": false, ""complete"": false, ""n_errors"": 1, ""n_sorries"": 0, ""verify_time_sec"": 3.61}, {""it"": 5, ""extracted"": true, ""pass"": false, ""complete"": false, ""n_errors"": 1, ""n_sorries"": 0, ""verify_time_sec"": 3.67}]",False,-1,16104,134.06,,"[{""it"": 1, ""extracted"": true, ""pass"": false, ""complete"": false, ""n_errors"": 6, ""n_sorries"": 0, ""verify_time_sec"": 3.5}, {""it"": 2, ""extracted"": true, ""pass"": false, ""complete"": false, ""n_errors"": 1, ""n_sorries"": 0, ""verify_time_sec"": 3.67}, {""it"": 3, ""extracted"": true, ""pass"": false, ""complete"": false, ""n_errors"": 1, ""n_sorries"": 0, ""verify_time_sec"": 3.62}, {""it"": 4, ""extracted"": true, ""pass"": false, ""complete"": false, ""n_errors"": 1, ""n_sorries"": 0, ""verify_time_sec"": 3.56}, {""it"": 5, ""extracted"": true, ""pass"": false, ""complete"": false, ""n_errors"": 1, ""n_sorries"": 0, ""verify_time_sec"": 3.59}]",False,-1,21346,203.19,,"[{""it"": 1, ""extracted"": true, ""pass"": false, ""complete"": false, ""n_errors"": 3, ""n_sorries"": 0, ""verify_time_sec"": 3.53}, {""it"": 2, ""extracted"": true, ""pass"": false, ""complete"": false, ""n_errors"": 3, ""n_sorries"": 0, ""verify_time_sec"": 3.84}, {""it"": 3, ""extracted"": true, ""pass"": false, ""complete"": false, ""n_errors"": 3, ""n_sorries"": 0, ""verify_time_sec"": 3.82}, {""it"": 4, ""extracted"": true, ""pass"": false, ""complete"": false, ""n_errors"": 3, ""n_sorries"": 0, ""verify_time_sec"": 3.92}, {""it"": 5, ""extracted"": true, ""pass"": false, ""complete"": false, ""n_errors"": 3, ""n_sorries"": 0, ""verify_time_sec"": 3.79}]",0,18610.3,203.2
462,unreach-call,True,c/recursive-simple/fibo_15-1.c,/workspace/sv-benchmarks/c/recursive-simple/fibo_15-1.c,c/recursive-simple/fibo_15-1.yml,recursive-simple,unreach-call_True_recursive-simple,True,3,7535,109.07,"import Mathlib

def fibo : Nat → Nat
| 0 => 0
| 1 => 1
| n + 2 => fibo (n + 1) + fibo n

theorem fibo_15_eq_610 : fibo 15 = 610 := by
  -- Evaluate the function step-by-step
  have h0 : fibo 0 = 0 := rfl
  have h1 : fibo 1 = 1 := rfl
  have h2 : fibo 2 = 1 := by simp [fibo]
  have h3 : fibo 3 = 2 := by simp [fibo]
  have h4 : fibo 4 = 3 := by simp [fibo]
  have h5 : fibo 5 = 5 := by simp [fibo]
  have h6 : fibo 6 = 8 := by simp [fibo]
  have h7 : fibo 7 = 13 := by simp [fibo]
  have h8 : fibo 8 = 21 := by simp [fibo]
  have h9 : fibo 9 = 34 := by simp [fibo]
  have h10 : fibo 10 = 55 := by simp [fibo]
  have h11 : fibo 11 = 89 := by simp [fibo]
  have h12 : fibo 12 = 144 := by simp [fibo]
  have h13 : fibo 13 = 233 := by simp [fibo]
  have h14 : fibo 14 = 377 := by simp [fibo]
  have h15 : fibo 15 = 610 := by simp [fibo]
  exact h15

-- Now, we need to ensure that the error condition is never reached.
-- This means proving that fibo 15 is always equal to 610.
theorem check_property : fibo 15 ≠ 610 → False := by
  intro h
  exact (h (fibo_15_eq_610)).elim

-- The main theorem corresponds to the property CHECK(init(main()), LTL(G ! call(reach_error())))
-- This means we need to show that the error condition is never reached.
theorem main_theorem : True := by
  trivial","[{""it"": 1, ""extracted"": true, ""pass"": false, ""complete"": false, ""n_errors"": 9, ""n_sorries"": 0, ""verify_time_sec"": 3.6}, {""it"": 2, ""extracted"": true, ""pass"": false, ""complete"": false, ""n_errors"": 2, ""n_sorries"": 0, ""verify_time_sec"": 3.63}, {""it"": 3, ""extracted"": true, ""pass"": true, ""complete"": true, ""n_errors"": 0, ""n_sorries"": 0, ""verify_time_sec"": 3.67}]",False,-1,10366,75.06,,"[{""it"": 1, ""extracted"": true, ""pass"": false, ""complete"": false, ""n_errors"": 3, ""n_sorries"": 0, ""verify_time_sec"": 3.68}, {""it"": 2, ""extracted"": true, ""pass"": false, ""complete"": false, ""n_errors"": 3, ""n_sorries"": 0, ""verify_time_sec"": 3.6}, {""it"": 3, ""extracted"": true, ""pass"": false, ""complete"": false, ""n_errors"": 4, ""n_sorries"": 0, ""verify_time_sec"": 3.56}, {""it"": 4, ""extracted"": true, ""pass"": false, ""complete"": false, ""n_errors"": 1, ""n_sorries"": 0, ""verify_time_sec"": 3.7}, {""it"": 5, ""extracted"": true, ""pass"": false, ""complete"": false, ""n_errors"": 1, ""n_sorries"": 0, ""verify_time_sec"": 3.56}]",False,-1,11991,87.81,,"[{""it"": 1, ""extracted"": true, ""pass"": false, ""complete"": false, ""n_errors"": 2, ""n_sorries"": 0, ""verify_time_sec"": 1.15}, {""it"": 2, ""extracted"": true, ""pass"": false, ""complete"": false, ""n_errors"": 1, ""n_sorries"": 0, ""verify_time_sec"": 1.11}, {""it"": 3, ""extracted"": true, ""pass"": false, ""complete"": false, ""n_errors"": 1, ""n_sorries"": 0, ""verify_time_sec"": 1.15}, {""it"": 4, ""extracted"": true, ""pass"": false, ""complete"": false, ""n_errors"": 1, ""n_sorries"": 0, ""verify_time_sec"": 1.08}, {""it"": 5, ""extracted"": true, ""pass"": false, ""complete"": false, ""n_errors"": 1, ""n_sorries"": 0, ""verify_time_sec"": 1.12}]",0,9964.0,109.07
671,valid-memsafety,False,c/termination-crafted/NonTermination3-1.c,/workspace/sv-benchmarks/c/termination-crafted/NonTermination3-1.c,c/termination-crafted/NonTermination3-1.yml,termination-crafted,valid-memsafety_False_termination-crafted,False,-1,19589,171.73,,"[{""it"": 1, ""extracted"": true, ""pass"": false, ""complete"": false, ""n_errors"": 14, ""n_sorries"": 0, ""verify_time_sec"": 0.68}, {""it"": 2, ""extracted"": true, ""pass"": false, ""complete"": false, ""n_errors"": 13, ""n_sorries"": 0, ""verify_time_sec"": 0.67}, {""it"": 3, ""extracted"": true, ""pass"": false, ""complete"": false, ""n_errors"": 13, ""n_sorries"": 0, ""verify_time_sec"": 0.63}, {""it"": 4, ""extracted"": true, ""pass"": false, ""complete"": false, ""n_errors"": 13, ""n_sorries"": 0, ""verify_time_sec"": 0.64}, {""it"": 5, ""extracted"": true, ""pass"": false, ""complete"": false, ""n_errors"": 13, ""n_sorries"": 0, ""verify_time_sec"": 0.67}]",False,-1,17535,147.93,,"[{""it"": 1, ""extracted"": false, ""pass"": false, ""complete"": false, ""n_errors"": 0, ""n_sorries"": 0, ""verify_time_sec"": 0.0}, {""it"": 2, ""extracted"": true, ""pass"": false, ""complete"": false, ""n_errors"": 14, ""n_sorries"": 0, ""verify_time_sec"": 1.26}, {""it"": 3, ""extracted"": true, ""pass"": false, ""complete"": false, ""n_errors"": 13, ""n_sorries"": 0, ""verify_time_sec"": 1.25}, {""it"": 4, ""extracted"": true, ""pass"": false, ""complete"": false, ""n_errors"": 9, ""n_sorries"": 0, ""verify_time_sec"": 1.24}, {""it"": 5, ""extracted"": true, ""pass"": false, ""complete"": false, ""n_errors"": 9, ""n_sorries"": 0, ""verify_time_sec"": 1.27}]",False,-1,25536,203.21,,"[{""it"": 1, ""extracted"": true, ""pass"": false, ""complete"": false, ""n_errors"": 5, ""n_sorries"": 1, ""verify_time_sec"": 3.53}, {""it"": 2, ""extracted"": true, ""pass"": false, ""complete"": false, ""n_errors"": 5, ""n_sorries"": 0, ""verify_time_sec"": 4.02}, {""it"": 3, ""extracted"": true, ""pass"": false, ""complete"": false, ""n_errors"": 4, ""n_sorries"": 0, ""verify_time_sec"": 4.07}, {""it"": 4, ""extracted"": true, ""pass"": false, ""complete"": false, ""n_errors"": 7, ""n_sorries"": 0, ""verify_time_sec"": 4.03}, {""it"": 5, ""extracted"": true, ""pass"": false, ""complete"": false, ""n_errors"": 5, ""n_sorries"": 0, ""verify_time_sec"": 4.08}]",0,20886.7,203.22
325,termination,False,c/termination-restricted-15/NO_03.c,/workspace/sv-benchmarks/c/termination-restricted-15/NO_03.c,c/termination-restricted-15/NO_03.yml,termination-restricted-15,termination_False_termination-restricted-15,False,-1,12561,103.25,,"[{""it"": 1, ""extracted"": true, ""pass"": false, ""complete"": false, ""n_errors"": 10, ""n_sorries"": 0, ""verify_time_sec"": 3.66}, {""it"": 2, ""extracted"": true, ""pass"": false, ""complete"": false, ""n_errors"": 4, ""n_sorries"": 0, ""verify_time_sec"": 3.49}, {""it"": 3, ""extracted"": true, ""pass"": false, ""complete"": false, ""n_errors"": 4, ""n_sorries"": 0, ""verify_time_sec"": 3.6}, {""it"": 4, ""extracted"": true, ""pass"": false, ""complete"": false, ""n_errors"": 4, ""n_sorries"": 0, ""verify_time_sec"": 3.56}, {""it"": 5, ""extracted"": true, ""pass"": false, ""complete"": false, ""n_errors"": 2, ""n_sorries"": 0, ""verify_time_sec"": 3.55}]",False,-1,7209,66.43,,"[{""it"": 1, ""extracted"": true, ""pass"": false, ""complete"": false, ""n_errors"": 3, ""n_sorries"": 0, ""verify_time_sec"": 3.58}, {""it"": 2, ""extracted"": true, ""pass"": false, ""complete"": false, ""n_errors"": 1, ""n_sorries"": 0, ""verify_time_sec"": 3.54}, {""it"": 3, ""extracted"": true, ""pass"": false, ""complete"": false, ""n_errors"": 1, ""n_sorries"": 0, ""verify_time_sec"": 3.54}, {""it"": 4, ""extracted"": true, ""pass"": false, ""complete"": false, ""n_errors"": 1, ""n_sorries"": 0, ""verify_time_sec"": 3.56}, {""it"": 5, ""extracted"": true, ""pass"": false, ""complete"": false, ""n_errors"": 1, ""n_sorries"": 0, ""verify_time_sec"": 3.67}]",False,-1,14787,131.98,,"[{""it"": 1, ""extracted"": true, ""pass"": false, ""complete"": false, ""n_errors"": 4, ""n_sorries"": 0, ""verify_time_sec"": 3.5}, {""it"": 2, ""extracted"": true, ""pass"": false, ""complete"": false, ""n_errors"": 4, ""n_sorries"": 0, ""verify_time_sec"": 5.49}, {""it"": 3, ""extracted"": true, ""pass"": false, ""complete"": false, ""n_errors"": 5, ""n_sorries"": 0, ""verify_time_sec"": 5.47}, {""it"": 4, ""extracted"": true, ""pass"": false, ""complete"": false, ""n_errors"": 5, ""n_sorries"": 0, ""verify_time_sec"": 5.39}, {""it"": 5, ""extracted"": true, ""pass"": false, ""complete"": false, ""n_errors"": 5, ""n_sorries"": 0, ""verify_time_sec"": 5.51}]",0,11519.0,131.98
288,termination,True,c/termination-numeric/rec_counter3.c,/workspace/sv-benchmarks/c/termination-numeric/rec_counter3.c,c/termination-numeric/rec_counter3.yml,termination-numeric,termination_True_termination-numeric,False,-1,17491,155.07,,"[{""it"": 1, ""extracted"": true, ""pass"": false, ""complete"": false, ""n_errors"": 10, ""n_sorries"": 0, ""verify_time_sec"": 3.55}, {""it"": 2, ""extracted"": true, ""pass"": false, ""complete"": false, ""n_errors"": 6, ""n_sorries"": 0, ""verify_time_sec"": 3.55}, {""it"": 3, ""extracted"": true, ""pass"": false, ""complete"": false, ""n_errors"": 6, ""n_sorries"": 0, ""verify_time_sec"": 3.57}, {""it"": 4, ""extracted"": true, ""pass"": false, ""complete"": false, ""n_errors"": 6, ""n_sorries"": 0, ""verify_time_sec"": 3.51}, {""it"": 5, ""extracted"": true, ""pass"": false, ""complete"": false, ""n_errors"": 6, ""n_sorries"": 0, ""verify_time_sec"": 3.53}]",False,-1,15714,146.68,,"[{""it"": 1, ""extracted"": true, ""pass"": false, ""complete"": false, ""n_errors"": 8, ""n_sorries"": 0, ""verify_time_sec"": 0.77}, {""it"": 2, ""extracted"": true, ""pass"": false, ""complete"": false, ""n_errors"": 8, ""n_sorries"": 0, ""verify_time_sec"": 0.76}, {""it"": 3, ""extracted"": true, ""pass"": false, ""complete"": false, ""n_errors"": 8, ""n_sorries"": 0, ""verify_time_sec"": 0.77}, {""it"": 4, ""extracted"": true, ""pass"": false, ""complete"": false, ""n_errors"": 8, ""n_sorries"": 0, ""verify_time_sec"": 0.77}, {""it"": 5, ""extracted"": true, ""pass"": false, ""complete"": false, ""n_errors"": 8, ""n_sorries"": 0, ""verify_time_sec"": 0.79}]",False,-1,18706,163.23,,"[{""it"": 1, ""extracted"": true, ""pass"": false, ""complete"": false, ""n_errors"": 7, ""n_sorries"": 0, ""verify_time_sec"": 1.45}, {""it"": 2, ""extracted"": true, ""pass"": false, ""complete"": false, ""n_errors"": 9, ""n_sorries"": 0, ""verify_time_sec"": 1.44}, {""it"": 3, ""extracted"": true, ""pass"": false, ""complete"": false, ""n_errors"": 10, ""n_sorries"": 0, ""verify_time_sec"": 1.37}, {""it"": 4, ""extracted"": true, ""pass"": false, ""complete"": false, ""n_errors"": 10, ""n_sorries"": 0, ""verify_time_sec"": 1.36}, {""it"": 5, ""extracted"": true, ""pass"": false, ""complete"": false, ""n_errors"": 10, ""n_sorries"": 0, ""verify_time_sec"": 1.39}]",0,17303.7,163.23
0,def-behavior,False,c/termination-crafted/Arrays03-ValueRestictsIndex-1.c,/workspace/sv-benchmarks/c/termination-crafted/Arrays03-ValueRestictsIndex-1.c,c/termination-crafted/Arrays03-ValueRestictsIndex-1.yml,termination-crafted,def-behavior_False_termination-crafted,False,-1,27666,258.84,,"[{""it"": 1, ""extracted"": true, ""pass"": false, ""complete"": false, ""n_errors"": 18, ""n_sorries"": 0, ""verify_time_sec"": 0.72}, {""it"": 2, ""extracted"": true, ""pass"": false, ""complete"": false, ""n_errors"": 18, ""n_sorries"": 0, ""verify_time_sec"": 0.65}, {""it"": 3, ""extracted"": true, ""pass"": false, ""complete"": false, ""n_errors"": 18, ""n_sorries"": 0, ""verify_time_sec"": 0.67}, {""it"": 4, ""extracted"": true, ""pass"": false, ""complete"": false, ""n_errors"": 18, ""n_sorries"": 0, ""verify_time_sec"": 0.64}, {""it"": 5, ""extracted"": true, ""pass"": false, ""complete"": false, ""n_errors"": 18, ""n_sorries"": 0, ""verify_time_sec"": 0.66}]",False,-1,34169,571.24,,"[{""it"": 1, ""extracted"": true, ""pass"": false, ""complete"": false, ""n_errors"": 10, ""n_sorries"": 0, ""verify_time_sec"": 0.66}, {""it"": 2, ""extracted"": true, ""pass"": false, ""complete"": false, ""n_errors"": 10, ""n_sorries"": 0, ""verify_time_sec"": 0.62}, {""it"": 3, ""extracted"": true, ""pass"": false, ""complete"": false, ""n_errors"": 10, ""n_sorries"": 0, ""verify_time_sec"": 0.69}, {""it"": 4, ""extracted"": true, ""pass"": false, ""complete"": false, ""n_errors"": 10, ""n_sorries"": 0, ""verify_time_sec"": 0.67}, {""it"": 5, ""extracted"": false, ""pass"": false, ""complete"": false, ""n_errors"": 0, ""n_sorries"": 0, ""verify_time_sec"": 0.0}]",False,-1,14093,117.91,,"[{""it"": 1, ""extracted"": true, ""pass"": false, ""complete"": false, ""n_errors"": 5, ""n_sorries"": 0, ""verify_time_sec"": 0.69}, {""it"": 2, ""extracted"": true, ""pass"": false, ""complete"": false, ""n_errors"": 3, ""n_sorries"": 0, ""verify_time_sec"": 0.63}, {""it"": 3, ""extracted"": true, ""pass"": false, ""complete"": false, ""n_errors"": 3, ""n_sorries"": 0, ""verify_time_sec"": 0.66}, {""it"": 4, ""extracted"": true, ""pass"": false, ""complete"": false, ""n_errors"": 3, ""n_sorries"": 0, ""verify_time_sec"": 0.69}, {""it"": 5, ""extracted"": true, ""pass"": false, ""complete"": false, ""n_errors"": 3, ""n_sorries"": 0, ""verify_time_sec"": 0.64}]",0,25309.3,571.25
349,termination,False,c/termination-bwb/not-03-false.c,/workspace/sv-benchmarks/c/termination-bwb/not-03-false.c,c/termination-bwb/not-03-false.yml,termination-bwb,termination_False_termination-bwb,False,-1,21156,219.14,,"[{""it"": 1, ""extracted"": true, ""pass"": false, ""complete"": false, ""n_errors"": 5, ""n_sorries"": 0, ""verify_time_sec"": 3.55}, {""it"": 2, ""extracted"": true, ""pass"": false, ""complete"": false, ""n_errors"": 4, ""n_sorries"": 0, ""verify_time_sec"": 3.57}, {""it"": 3, ""extracted"": true, ""pass"": false, ""complete"": false, ""n_errors"": 4, ""n_sorries"": 0, ""verify_time_sec"": 3.65}, {""it"": 4, ""extracted"": true, ""pass"": false, ""complete"": false, ""n_errors"": 2, ""n_sorries"": 0, ""verify_time_sec"": 3.59}, {""it"": 5, ""extracted"": true, ""pass"": false, ""complete"": false, ""n_errors"": 4, ""n_sorries"": 0, ""verify_time_sec"": 3.55}]",False,-1,29062,273.72,,"[{""it"": 1, ""extracted"": true, ""pass"": false, ""complete"": false, ""n_errors"": 8, ""n_sorries"": 0, ""verify_time_sec"": 0.73}, {""it"": 2, ""extracted"": true, ""pass"": false, ""complete"": false, ""n_errors"": 8, ""n_sorries"": 0, ""verify_time_sec"": 0.75}, {""it"": 3, ""extracted"": true, ""pass"": false, ""complete"": false, ""n_errors"": 8, ""n_sorries"": 0, ""verify_time_sec"": 0.74}, {""it"": 4, ""extracted"": true, ""pass"": false, ""complete"": false, ""n_errors"": 8, ""n_sorries"": 0, ""verify_time_sec"": 0.76}, {""it"": 5, ""extracted"": true, ""pass"": false, ""complete"": false, ""n_errors"": 8, ""n_sorries"": 0, ""verify_time_sec"": 0.76}]",False,-1,20219,210.18,,"[{""it"": 1, ""extracted"": true, ""pass"": false, ""complete"": false, ""n_errors"": 12, ""n_sorries"": 0, ""verify_time_sec"": 0.71}, {""it"": 2, ""extracted"": true, ""pass"": false, ""complete"": false, ""n_errors"": 11, ""n_sorries"": 0, ""verify_time_sec"": 0.75}, {""it"": 3, ""extracted"": true, ""pass"": false, ""complete"": false, ""n_errors"": 11, ""n_sorries"": 0, ""verify_time_sec"": 0.76}, {""it"": 4, ""extracted"": true, ""pass"": false, ""complete"": false, ""n_errors"": 11, ""n_sorries"": 0, ""verify_time_sec"": 0.74}, {""it"": 5, ""extracted"": true, ""pass"": false, ""complete"": false, ""n_errors"": 11, ""n_sorries"": 0, ""verify_time_sec"": 0.76}]",0,23479.0,273.72
550,unreach-call,False,c/array-fpi/brs2f.c,/workspace/sv-benchmarks/c/array-fpi/brs2f.c,c/array-fpi/brs2f.yml,array-fpi,unreach-call_False_array-fpi,False,-1,15386,114.89,,"[{""it"": 1, ""extracted"": true, ""pass"": false, ""complete"": false, ""n_errors"": 2, ""n_sorries"": 0, ""verify_time_sec"": 3.6}, {""it"": 2, ""extracted"": true, ""pass"": false, ""complete"": false, ""n_errors"": 2, ""n_sorries"": 0, ""verify_time_sec"": 3.64}, {""it"": 3, ""extracted"": true, ""pass"": false, ""complete"": false, ""n_errors"": 6, ""n_sorries"": 0, ""verify_time_sec"": 4.8}, {""it"": 4, ""extracted"": true, ""pass"": false, ""complete"": false, ""n_errors"": 4, ""n_sorries"": 0, ""verify_time_sec"": 3.56}, {""it"": 5, ""extracted"": true, ""pass"": false, ""complete"": false, ""n_errors"": 3, ""n_sorries"": 0, ""verify_time_sec"": 4.87}]",False,-1,22768,187.82,,"[{""it"": 1, ""extracted"": true, ""pass"": false, ""complete"": false, ""n_errors"": 5, ""n_sorries"": 0, ""verify_time_sec"": 3.68}, {""it"": 2, ""extracted"": true, ""pass"": false, ""complete"": false, ""n_errors"": 5, ""n_sorries"": 0, ""verify_time_sec"": 3.73}, {""it"": 3, ""extracted"": true, ""pass"": false, ""complete"": false, ""n_errors"": 5, ""n_sorries"": 0, ""verify_time_sec"": 3.75}, {""it"": 4, ""extracted"": true, ""pass"": false, ""complete"": false, ""n_errors"": 5, ""n_sorries"": 0, ""verify_time_sec"": 3.74}, {""it"": 5, ""extracted"": true, ""pass"": false, ""complete"": false, ""n_errors"": 5, ""n_sorries"": 0, ""verify_time_sec"": 3.56}]",False,-1,21654,197.59,,"[{""it"": 1, ""extracted"": true, ""pass"": false, ""complete"": false, ""n_errors"": 3, ""n_sorries"": 0, ""verify_time_sec"": 3.63}, {""it"": 2, ""extracted"": true, ""pass"": false, ""complete"": false, ""n_errors"": 3, ""n_sorries"": 0, ""verify_time_sec"": 3.63}, {""it"": 3, ""extracted"": true, ""pass"": false, ""complete"": false, ""n_errors"": 3, ""n_sorries"": 0, ""verify_time_sec"": 3.5}, {""it"": 4, ""extracted"": true, ""pass"": false, ""complete"": false, ""n_errors"": 3, ""n_sorries"": 0, ""verify_time_sec"": 3.6}, {""it"": 5, ""extracted"": true, ""pass"": false, ""complete"": false, ""n_errors"": 3, ""n_sorries"": 0, ""verify_time_sec"": 3.5}]",0,19936.0,197.6
27,no-overflow,True,c/termination-crafted-lit/HarrisLalNoriRajamani-SAS2010-Fig1.c,/workspace/sv-benchmarks/c/termination-crafted-lit/HarrisLalNoriRajamani-SAS2010-Fig1.c,c/termination-crafted-lit/HarrisLalNoriRajamani-SAS2010-Fig1.yml,termination-crafted-lit,no-overflow_True_termination-crafted-lit,False,-1,18160,153.16,,"[{""it"": 1, ""extracted"": true, ""pass"": false, ""complete"": false, ""n_errors"": 4, ""n_sorries"": 2, ""verify_time_sec"": 3.53}, {""it"": 2, ""extracted"": true, ""pass"": false, ""complete"": false, ""n_errors"": 4, ""n_sorries"": 0, ""verify_time_sec"": 3.56}, {""it"": 3, ""extracted"": true, ""pass"": false, ""complete"": false, ""n_errors"": 4, ""n_sorries"": 0, ""verify_time_sec"": 4.47}, {""it"": 4, ""extracted"": true, ""pass"": false, ""complete"": false, ""n_errors"": 4, ""n_sorries"": 0, ""verify_time_sec"": 3.62}, {""it"": 5, ""extracted"": true, ""pass"": false, ""complete"": false, ""n_errors"": 4, ""n_sorries"": 0, ""verify_time_sec"": 3.61}]",False,-1,52454,443.61,,"[{""it"": 1, ""extracted"": true, ""pass"": false, ""complete"": false, ""n_errors"": 13, ""n_sorries"": 0, ""verify_time_sec"": 0.75}, {""it"": 2, ""extracted"": true, ""pass"": false, ""complete"": false, ""n_errors"": 12, ""n_sorries"": 0, ""verify_time_sec"": 0.76}, {""it"": 3, ""extracted"": true, ""pass"": false, ""complete"": false, ""n_errors"": 12, ""n_sorries"": 0, ""verify_time_sec"": 0.73}, {""it"": 4, ""extracted"": true, ""pass"": false, ""complete"": false, ""n_errors"": 12, ""n_sorries"": 0, ""verify_time_sec"": 0.75}, {""it"": 5, ""extracted"": false, ""pass"": false, ""complete"": false, ""n_errors"": 0, ""n_sorries"": 0, ""verify_time_sec"": 0.0}]",False,-1,17782,146.18,,"[{""it"": 1, ""extracted"": true, ""pass"": false, ""complete"": false, ""n_errors"": 5, ""n_sorries"": 1, ""verify_time_sec"": 3.51}, {""it"": 2, ""extracted"": true, ""pass"": false, ""complete"": false, ""n_errors"": 3, ""n_sorries"": 0, ""verify_time_sec"": 3.48}, {""it"": 3, ""extracted"": true, ""pass"": false, ""complete"": false, ""n_errors"": 2, ""n_sorries"": 0, ""verify_time_sec"": 3.54}, {""it"": 4, ""extracted"": true, ""pass"": false, ""complete"": false, ""n_errors"": 5, ""n_sorries"": 0, ""verify_time_sec"": 5.18}, {""it"": 5, ""extracted"": true, ""pass"": false, ""complete"": false, ""n_errors"": 6, ""n_sorries"": 0, ""verify_time_sec"": 3.56}]",0,29465.3,443.61
258,termination,True,c/termination-restricted-15/PastaB7.c,/workspace/sv-benchmarks/c/termination-restricted-15/PastaB7.c,c/termination-restricted-15/PastaB7.yml,termination-restricted-15,termination_True_termination-restricted-15,False,-1,24120,303.57,,"[{""it"": 1, ""extracted"": true, ""pass"": false, ""complete"": false, ""n_errors"": 4, ""n_sorries"": 0, ""verify_time_sec"": 3.61}, {""it"": 2, ""extracted"": true, ""pass"": false, ""complete"": false, ""n_errors"": 2, ""n_sorries"": 0, ""verify_time_sec"": 3.56}, {""it"": 3, ""extracted"": true, ""pass"": false, ""complete"": false, ""n_errors"": 1, ""n_sorries"": 0, ""verify_time_sec"": 3.52}, {""it"": 4, ""extracted"": true, ""pass"": false, ""complete"": false, ""n_errors"": 3, ""n_sorries"": 0, ""verify_time_sec"": 3.6}, {""it"": 5, ""extracted"": true, ""pass"": false, ""complete"": false, ""n_errors"": 2, ""n_sorries"": 0, ""verify_time_sec"": 3.54}]",False,-1,12835,102.42,,"[{""it"": 1, ""extracted"": true, ""pass"": false, ""complete"": false, ""n_errors"": 5, ""n_sorries"": 0, ""verify_time_sec"": 0.64}, {""it"": 2, ""extracted"": true, ""pass"": false, ""complete"": false, ""n_errors"": 5, ""n_sorries"": 0, ""verify_time_sec"": 0.69}, {""it"": 3, ""extracted"": true, ""pass"": false, ""complete"": false, ""n_errors"": 9, ""n_sorries"": 0, ""verify_time_sec"": 0.61}, {""it"": 4, ""extracted"": true, ""pass"": false, ""complete"": false, ""n_errors"": 9, ""n_sorries"": 0, ""verify_time_sec"": 0.67}, {""it"": 5, ""extracted"": true, ""pass"": false, ""complete"": false, ""n_errors"": 9, ""n_sorries"": 0, ""verify_time_sec"": 0.63}]",False,-1,36243,490.98,,"[{""it"": 1, ""extracted"": true, ""pass"": false, ""complete"": false, ""n_errors"": 2, ""n_sorries"": 0, ""verify_time_sec"": 3.44}, {""it"": 2, ""extracted"": true, ""pass"": false, ""complete"": false, ""n_errors"": 1, ""n_sorries"": 0, ""verify_time_sec"": 3.55}, {""it"": 3, ""extracted"": true, ""pass"": false, ""complete"": false, ""n_errors"": 2, ""n_sorries"": 0, ""verify_time_sec"": 3.55}, {""it"": 4, ""extracted"": true, ""pass"": false, ""complete"": false, ""n_errors"": 2, ""n_sorries"": 0, ""verify_time_sec"": 3.56}, {""it"": 5, ""extracted"": true, ""pass"": false, ""complete"": false, ""n_errors"": 2, ""n_sorries"": 0, ""verify_time_sec"": 3.49}]",0,24399.3,490.99
585,unreach-call,False,c/recursive/Fibonacci04.c,/workspace/sv-benchmarks/c/recursive/Fibonacci04.c,c/recursive/Fibonacci04.yml,recursive,unreach-call_False_recursive,False,-1,43018,600.22,,"[{""it"": 1, ""extracted"": true, ""pass"": false, ""complete"": false, ""n_errors"": 4, ""n_sorries"": 0, ""verify_time_sec"": 3.86}, {""it"": 2, ""extracted"": false, ""pass"": false, ""complete"": false, ""n_errors"": 0, ""n_sorries"": 0, ""verify_time_sec"": 0.0}, {""it"": 3, ""extracted"": false, ""pass"": false, ""complete"": false, ""n_errors"": 0, ""n_sorries"": 0, ""verify_time_sec"": 0.0}, {""it"": 4, ""extracted"": false, ""pass"": false, ""complete"": false, ""n_errors"": 0, ""n_sorries"": 0, ""verify_time_sec"": 0.0}, {""it"": 5, ""extracted"": false, ""pass"": false, ""complete"": false, ""n_errors"": 0, ""n_sorries"": 0, ""verify_time_sec"": 0.0, ""system_error"": ""Error code: 400 - {'error': {'message': \""This model's maximum context length is 16384 tokens. However, you requested 0 output tokens and your prompt contains at least 16385 input tokens, for a total of at least 16385 tokens. Please reduce the length of the input prompt or the number of requested output tokens. (parameter=input_tokens, value=16385)\"", 'type': 'BadRequestError', 'param': 'input_tokens', 'code': 400}}""}]",False,-1,22874,251.14,,"[{""it"": 1, ""extracted"": true, ""pass"": false, ""complete"": false, ""n_errors"": 8, ""n_sorries"": 0, ""verify_time_sec"": 3.61}, {""it"": 2, ""extracted"": true, ""pass"": false, ""complete"": false, ""n_errors"": 9, ""n_sorries"": 0, ""verify_time_sec"": 3.61}, {""it"": 3, ""extracted"": true, ""pass"": false, ""complete"": false, ""n_errors"": 3, ""n_sorries"": 0, ""verify_time_sec"": 3.5}, {""it"": 4, ""extracted"": true, ""pass"": false, ""complete"": false, ""n_errors"": 5, ""n_sorries"": 0, ""verify_time_sec"": 3.53}, {""it"": 5, ""extracted"": true, ""pass"": false, ""complete"": false, ""n_errors"": 5, ""n_sorries"": 0, ""verify_time_sec"": 3.61}]",False,-1,22722,246.02,,"[{""it"": 1, ""extracted"": true, ""pass"": false, ""complete"": false, ""n_errors"": 5, ""n_sorries"": 0, ""verify_time_sec"": 3.63}, {""it"": 2, ""extracted"": true, ""pass"": false, ""complete"": false, ""n_errors"": 5, ""n_sorries"": 0, ""verify_time_sec"": 3.51}, {""it"": 3, ""extracted"": true, ""pass"": false, ""complete"": false, ""n_errors"": 2, ""n_sorries"": 0, ""verify_time_sec"": 3.52}, {""it"": 4, ""extracted"": true, ""pass"": false, ""complete"": false, ""n_errors"": 3, ""n_sorries"": 0, ""verify_time_sec"": 3.53}, {""it"": 5, ""extracted"": true, ""pass"": false, ""complete"": false, ""n_errors"": 2, ""n_sorries"": 0, ""verify_time_sec"": 3.54}]",0,29538.0,600.23
684,valid-memsafety,False,c/loops/bubble_sort-1.c,/workspace/sv-benchmarks/c/loops/bubble_sort-1.c,c/loops/bubble_sort-1.yml,loops,valid-memsafety_False_loops,False,-1,46312,281.6,,"[{""it"": 1, ""extracted"": true, ""pass"": false, ""complete"": false, ""n_errors"": 27, ""n_sorries"": 0, ""verify_time_sec"": 7.28}, {""it"": 2, ""extracted"": true, ""pass"": false, ""complete"": false, ""n_errors"": 32, ""n_sorries"": 0, ""verify_time_sec"": 5.21}, {""it"": 3, ""extracted"": true, ""pass"": false, ""complete"": false, ""n_errors"": 25, ""n_sorries"": 0, ""verify_time_sec"": 5.35}, {""it"": 4, ""extracted"": true, ""pass"": false, ""complete"": false, ""n_errors"": 29, ""n_sorries"": 0, ""verify_time_sec"": 5.46}, {""it"": 5, ""extracted"": true, ""pass"": false, ""complete"": false, ""n_errors"": 29, ""n_sorries"": 0, ""verify_time_sec"": 5.53}]",False,-1,25956,192.03,,"[{""it"": 1, ""extracted"": true, ""pass"": false, ""complete"": false, ""n_errors"": 18, ""n_sorries"": 0, ""verify_time_sec"": 0.69}, {""it"": 2, ""extracted"": true, ""pass"": false, ""complete"": false, ""n_errors"": 18, ""n_sorries"": 0, ""verify_time_sec"": 0.68}, {""it"": 3, ""extracted"": true, ""pass"": false, ""complete"": false, ""n_errors"": 18, ""n_sorries"": 0, ""verify_time_sec"": 0.79}, {""it"": 4, ""extracted"": true, ""pass"": false, ""complete"": false, ""n_errors"": 18, ""n_sorries"": 0, ""verify_time_sec"": 0.62}, {""it"": 5, ""extracted"": true, ""pass"": false, ""complete"": false, ""n_errors"": 18, ""n_sorries"": 0, ""verify_time_sec"": 0.67}]",False,-1,38072,367.42,,"[{""it"": 1, ""extracted"": true, ""pass"": false, ""complete"": false, ""n_errors"": 19, ""n_sorries"": 0, ""verify_time_sec"": 0.63}, {""it"": 2, ""extracted"": true, ""pass"": false, ""complete"": false, ""n_errors"": 19, ""n_sorries"": 0, ""verify_time_sec"": 0.7}, {""it"": 3, ""extracted"": true, ""pass"": false, ""complete"": false, ""n_errors"": 19, ""n_sorries"": 0, ""verify_time_sec"": 0.68}, {""it"": 4, ""extracted"": true, ""pass"": false, ""complete"": false, ""n_errors"": 19, ""n_sorries"": 0, ""verify_time_sec"": 0.68}, {""it"": 5, ""extracted"": true, ""pass"": false, ""complete"": false, ""n_errors"": 18, ""n_sorries"": 0, ""verify_time_sec"": 0.67}]",0,36780.0,367.43
436,unreach-call,True,c/loop-invgen/id_build.i.p+nlh-reducer.c,/workspace/sv-benchmarks/c/loop-invgen/id_build.i.p+nlh-reducer.c,c/loop-invgen/id_build.i.p+nlh-reducer.yml,loop-invgen,unreach-call_True_loop-invgen,False,-1,32115,51.91,,"[{""it"": 1, ""extracted"": true, ""pass"": false, ""complete"": false, ""n_errors"": 6, ""n_sorries"": 0, ""verify_time_sec"": 3.49}, {""it"": 2, ""extracted"": false, ""pass"": false, ""complete"": false, ""n_errors"": 0, ""n_sorries"": 0, ""verify_time_sec"": 0.0}, {""it"": 3, ""extracted"": false, ""pass"": false, ""complete"": false, ""n_errors"": 0, ""n_sorries"": 0, ""verify_time_sec"": 0.0, ""system_error"": ""Error code: 400 - {'error': {'message': \""This model's maximum context length is 16384 tokens. However, you requested 0 output tokens and your prompt contains at least 16385 input tokens, for a total of at least 16385 tokens. Please reduce the length of the input prompt or the number of requested output tokens. (parameter=input_tokens, value=16385)\"", 'type': 'BadRequestError', 'param': 'input_tokens', 'code': 400}}""}, {""it"": 4, ""extracted"": false, ""pass"": false, ""complete"": false, ""n_errors"": 0, ""n_sorries"": 0, ""verify_time_sec"": 0.0, ""system_error"": ""Error code: 400 - {'error': {'message': \""This model's maximum context length is 16384 tokens. However, you requested 0 output tokens and your prompt contains at least 16385 input tokens, for a total of at least 16385 tokens. Please reduce the length of the input prompt or the number of requested output tokens. (parameter=input_tokens, value=16385)\"", 'type': 'BadRequestError', 'param': 'input_tokens', 'code': 400}}""}, {""it"": 5, ""extracted"": false, ""pass"": false, ""complete"": false, ""n_errors"": 0, ""n_sorries"": 0, ""verify_time_sec"": 0.0, ""system_error"": ""Error code: 400 - {'error': {'message': \""This model's maximum context length is 16384 tokens. However, you requested 0 output tokens and your prompt contains at least 16385 input tokens, for a total of at least 16385 tokens. Please reduce the length of the input prompt or the number of requested output tokens. (parameter=input_tokens, value=16385)\"", 'type': 'BadRequestError', 'param': 'input_tokens', 'code': 400}}""}]",False,-1,32051,52.76,,"[{""it"": 1, ""extracted"": true, ""pass"": false, ""complete"": false, ""n_errors"": 3, ""n_sorries"": 0, ""verify_time_sec"": 1.33}, {""it"": 2, ""extracted"": false, ""pass"": false, ""complete"": false, ""n_errors"": 0, ""n_sorries"": 0, ""verify_time_sec"": 0.0}, {""it"": 3, ""extracted"": false, ""pass"": false, ""complete"": false, ""n_errors"": 0, ""n_sorries"": 0, ""verify_time_sec"": 0.0, ""system_error"": ""Error code: 400 - {'error': {'message': \""This model's maximum context length is 16384 tokens. However, you requested 0 output tokens and your prompt contains at least 16385 input tokens, for a total of at least 16385 tokens. Please reduce the length of the input prompt or the number of requested output tokens. (parameter=input_tokens, value=16385)\"", 'type': 'BadRequestError', 'param': 'input_tokens', 'code': 400}}""}, {""it"": 4, ""extracted"": false, ""pass"": false, ""complete"": false, ""n_errors"": 0, ""n_sorries"": 0, ""verify_time_sec"": 0.0, ""system_error"": ""Error code: 400 - {'error': {'message': \""This model's maximum context length is 16384 tokens. However, you requested 0 output tokens and your prompt contains at least 16385 input tokens, for a total of at least 16385 tokens. Please reduce the length of the input prompt or the number of requested output tokens. (parameter=input_tokens, value=16385)\"", 'type': 'BadRequestError', 'param': 'input_tokens', 'code': 400}}""}, {""it"": 5, ""extracted"": false, ""pass"": false, ""complete"": false, ""n_errors"": 0, ""n_sorries"": 0, ""verify_time_sec"": 0.0, ""system_error"": ""Error code: 400 - {'error': {'message': \""This model's maximum context length is 16384 tokens. However, you requested 0 output tokens and your prompt contains at least 16385 input tokens, for a total of at least 16385 tokens. Please reduce the length of the input prompt or the number of requested output tokens. (parameter=input_tokens, value=16385)\"", 'type': 'BadRequestError', 'param': 'input_tokens', 'code': 400}}""}]",False,-1,16149,67.14,,"[{""it"": 1, ""extracted"": true, ""pass"": false, ""complete"": false, ""n_errors"": 9, ""n_sorries"": 0, ""verify_time_sec"": 4.86}, {""it"": 2, ""extracted"": false, ""pass"": false, ""complete"": false, ""n_errors"": 0, ""n_sorries"": 0, ""verify_time_sec"": 0.0, ""system_error"": ""Error code: 400 - {'error': {'message': \""This model's maximum context length is 16384 tokens. However, you requested 0 output tokens and your prompt contains at least 16385 input tokens, for a total of at least 16385 tokens. Please reduce the length of the input prompt or the number of requested output tokens. (parameter=input_tokens, value=16385)\"", 'type': 'BadRequestError', 'param': 'input_tokens', 'code': 400}}""}, {""it"": 3, ""extracted"": false, ""pass"": false, ""complete"": false, ""n_errors"": 0, ""n_sorries"": 0, ""verify_time_sec"": 0.0, ""system_error"": ""Error code: 400 - {'error': {'message': \""This model's maximum context length is 16384 tokens. However, you requested 0 output tokens and your prompt contains at least 16385 input tokens, for a total of at least 16385 tokens. Please reduce the length of the input prompt or the number of requested output tokens. (parameter=input_tokens, value=16385)\"", 'type': 'BadRequestError', 'param': 'input_tokens', 'code': 400}}""}, {""it"": 4, ""extracted"": false, ""pass"": false, ""complete"": false, ""n_errors"": 0, ""n_sorries"": 0, ""verify_time_sec"": 0.0, ""system_error"": ""Error code: 400 - {'error': {'message': \""This model's maximum context length is 16384 tokens. However, you requested 0 output tokens and your prompt contains at least 16385 input tokens, for a total of at least 16385 tokens. Please reduce the length of the input prompt or the number of requested output tokens. (parameter=input_tokens, value=16385)\"", 'type': 'BadRequestError', 'param': 'input_tokens', 'code': 400}}""}, {""it"": 5, ""extracted"": false, ""pass"": false, ""complete"": false, ""n_errors"": 0, ""n_sorries"": 0, ""verify_time_sec"": 0.0, ""system_error"": ""Error code: 400 - {'error': {'message': \""This model's maximum context length is 16384 tokens. However, you requested 0 output tokens and your prompt contains at least 16385 input tokens, for a total of at least 16385 tokens. Please reduce the length of the input prompt or the number of requested output tokens. (parameter=input_tokens, value=16385)\"", 'type': 'BadRequestError', 'param': 'input_tokens', 'code': 400}}""}]",0,26771.7,67.14
577,unreach-call,False,c/loop-acceleration/phases_1-2.c,/workspace/sv-benchmarks/c/loop-acceleration/phases_1-2.c,c/loop-acceleration/phases_1-2.yml,loop-acceleration,unreach-call_False_loop-acceleration,False,-1,24216,259.6,,"[{""it"": 1, ""extracted"": false, ""pass"": false, ""complete"": false, ""n_errors"": 0, ""n_sorries"": 0, ""verify_time_sec"": 0.0}, {""it"": 2, ""extracted"": true, ""pass"": false, ""complete"": false, ""n_errors"": 11, ""n_sorries"": 0, ""verify_time_sec"": 3.56}, {""it"": 3, ""extracted"": true, ""pass"": false, ""complete"": false, ""n_errors"": 10, ""n_sorries"": 0, ""verify_time_sec"": 3.58}, {""it"": 4, ""extracted"": true, ""pass"": false, ""complete"": false, ""n_errors"": 10, ""n_sorries"": 0, ""verify_time_sec"": 3.7}, {""it"": 5, ""extracted"": true, ""pass"": false, ""complete"": false, ""n_errors"": 7, ""n_sorries"": 0, ""verify_time_sec"": 3.62}]",False,-1,28833,330.38,,"[{""it"": 1, ""extracted"": true, ""pass"": false, ""complete"": false, ""n_errors"": 8, ""n_sorries"": 0, ""verify_time_sec"": 0.63}, {""it"": 2, ""extracted"": true, ""pass"": false, ""complete"": false, ""n_errors"": 8, ""n_sorries"": 0, ""verify_time_sec"": 0.64}, {""it"": 3, ""extracted"": true, ""pass"": false, ""complete"": false, ""n_errors"": 8, ""n_sorries"": 0, ""verify_time_sec"": 0.7}, {""it"": 4, ""extracted"": true, ""pass"": false, ""complete"": false, ""n_errors"": 7, ""n_sorries"": 0, ""verify_time_sec"": 0.63}, {""it"": 5, ""extracted"": true, ""pass"": false, ""complete"": false, ""n_errors"": 8, ""n_sorries"": 0, ""verify_time_sec"": 0.65}]",False,-1,37016,380.8,,"[{""it"": 1, ""extracted"": true, ""pass"": false, ""complete"": false, ""n_errors"": 5, ""n_sorries"": 0, ""verify_time_sec"": 3.51}, {""it"": 2, ""extracted"": true, ""pass"": false, ""complete"": false, ""n_errors"": 5, ""n_sorries"": 0, ""verify_time_sec"": 3.57}, {""it"": 3, ""extracted"": true, ""pass"": false, ""complete"": false, ""n_errors"": 5, ""n_sorries"": 0, ""verify_time_sec"": 3.65}, {""it"": 4, ""extracted"": true, ""pass"": false, ""complete"": false, ""n_errors"": 5, ""n_sorries"": 0, ""verify_time_sec"": 3.6}, {""it"": 5, ""extracted"": true, ""pass"": false, ""complete"": false, ""n_errors"": 4, ""n_sorries"": 0, ""verify_time_sec"": 3.58}]",0,30021.7,380.81
