property,original_index,s123_pass,s123_errors,s42_pass,s42_complete,s42_errors,s999_pass,s999_complete,s999_errors,s123_complete
no-overflow,0,False,no code,False,False,"[{""severity"": ""error"", ""pos"": {""line"": 3, ""column"": 61}, ""endPos"": {""line"": 3, ""column"": 62}, ""data"": ""unexpected token '-'; expected ')' or term""}, {""severity"": ""error"", ""pos"": {""line"": 5, ""column"": 33}, ""endPos"": {""line"": 6, ""column"": 5}, ""data"": ""unexpected token 'try'; expected '{' or tactic""}, {""severity"": ""error"", ""pos"": {""line"": 5, ""column"": 31}, ""endPos"": {""line"": 5, ""column"": 33}, ""data"": ""unsolved goals\nInt : Sort ?u.43\nUnit : Sort ?u.47\na b : Int\n\u22a2 Unit""}]",False,False,"[{""severity"": ""error"", ""pos"": {""line"": 5, ""column"": 5}, ""endPos"": {""line"": 5, ""column"": 8}, ""data"": ""unknown namespace 'Nat'""}, {""severity"": ""error"", ""pos"": {""line"": 6, ""column"": 20}, ""endPos"": {""line"": 7, ""column"": 5}, ""data"": ""unexpected token 'try'; expected '{' or tactic""}, {""severity"": ""error"", ""pos"": {""line"": 6, ""column"": 18}, ""endPos"": {""line"": 6, ""column"": 20}, ""data"": ""unsolved goals\n\u2115 : Sort ?u.5\n\u22a2 \u2115""}]",
valid-memsafety,1,False,"[{""severity"": ""error"", ""pos"": {""line"": 4, ""column"": 0}, ""endPos"": {""line"": 4, ""column"": 6}, ""data"": ""unexpected identifier; expected command""}, {""severity"": ""error"", ""pos"": {""line"": 20, ""column"": 5}, ""endPos"": {""line"": 20, ""column"": 14}, ""data"": ""unknown namespace 'IPAddress'""}]",False,False,"[{""severity"": ""error"", ""pos"": {""line"": 3, ""column"": 5}, ""endPos"": {""line"": 3, ""column"": 18}, ""data"": ""unknown namespace 'Init.Data.Nat'""}, {""severity"": ""error"", ""pos"": {""line"": 4, ""column"": 5}, ""endPos"": {""line"": 4, ""column"": 21}, ""data"": ""unknown namespace 'Init.Data.String'""}, {""severity"": ""error"", ""pos"": {""line"": 5, ""column"": 5}, ""endPos"": {""line"": 5, ""column"": 19}, ""data"": ""unknown namespace 'Init.Data.List'""}, {""severity"": ""error"", ""pos"": {""line"": 6, ""column"": 5}, ""endPos"": {""line"": 6, ""column"": 21}, ""data"": ""unknown namespace 'Init.Data.Option'""}, {""severity"": ""error"", ""pos"": {""line"": 7, ""column"": 5}, ""endPos"": {""line"": 7, ""column"": 23}, ""data"": ""unknown namespace 'Init.Control.Basic'""}]",False,False,"[{""severity"": ""error"", ""pos"": {""line"": 3, ""column"": 21}, ""endPos"": {""line"": 3, ""column"": 23}, ""data"": ""unexpected token 'by'; expected command""}]",False
unreach-call,2,False,"[{""severity"": ""error"", ""pos"": {""line"": 2, ""column"": 5}, ""endPos"": {""line"": 2, ""column"": 22}, ""data"": ""unknown namespace 'Lean.Elab.Tactics'""}, {""severity"": ""error"", ""pos"": {""line"": 3, ""column"": 5}, ""endPos"": {""line"": 3, ""column"": 24}, ""data"": ""unknown namespace 'Lean.Parser.Tactics'""}, {""severity"": ""error"", ""pos"": {""line"": 4, ""column"": 5}, ""endPos"": {""line"": 4, ""column"": 16}, ""data"": ""unknown namespace 'Lean.Syntax'""}, {""severity"": ""error"", ""pos"": {""line"": 5, ""column"": 5}, ""endPos"": {""line"": 5, ""column"": 19}, ""data"": ""unknown namespace 'Lean.Util.Why3'""}, {""severity"": ""error"", ""pos"": {""line"": 6, ""column"": 14}, ""endPos"": {""line"": 7, ""column"": 5}, ""data"": ""unexpected token 'try'; expected '{' or tactic""}, {""severity"": ""error"", ""pos"": {""line"": 6, ""column"": 12}, ""endPos"": {""line"": 6, ""column"": 14}, ""data"": ""unsolved goals\n\u22a2 ?m.2""}]",False,False,"[{""severity"": ""error"", ""pos"": {""line"": 3, ""column"": 5}, ""endPos"": {""line"": 3, ""column"": 22}, ""data"": ""unknown namespace 'Lean.Elab.Tactics'""}, {""severity"": ""error"", ""pos"": {""line"": 4, ""column"": 5}, ""endPos"": {""line"": 4, ""column"": 24}, ""data"": ""unknown namespace 'Lean.Parser.Tactics'""}, {""severity"": ""error"", ""pos"": {""line"": 5, ""column"": 5}, ""endPos"": {""line"": 5, ""column"": 21}, ""data"": ""unknown namespace 'Lean.Parser.Term'""}, {""severity"": ""error"", ""pos"": {""line"": 6, ""column"": 28}, ""endPos"": {""line"": 7, ""column"": 5}, ""data"": ""unexpected token 'try'; expected '{' or tactic""}, {""severity"": ""error"", ""pos"": {""line"": 6, ""column"": 26}, ""endPos"": {""line"": 6, ""column"": 28}, ""data"": ""unsolved goals\nInt : Sort ?u.5\nx : Int\n\u22a2 Int""}]",False,False,"[{""severity"": ""error"", ""pos"": {""line"": 4, ""column"": 5}, ""endPos"": {""line"": 4, ""column"": 9}, ""data"": ""unknown namespace 'Lean'""}, {""severity"": ""error"", ""pos"": {""line"": 5, ""column"": 5}, ""endPos"": {""line"": 5, ""column"": 8}, ""data"": ""unknown namespace 'Nat'""}, {""severity"": ""error"", ""pos"": {""line"": 6, ""column"": 5}, ""endPos"": {""line"": 6, ""column"": 13}, ""data"": ""unknown namespace 'Function'""}, {""severity"": ""error"", ""pos"": {""line"": 7, ""column"": 5}, ""endPos"": {""line"": 7, ""column"": 15}, ""data"": ""unknown namespace 'Expression'""}, {""severity"": ""error"", ""pos"": {""line"": 8, ""column"": 5}, ""endPos"": {""line"": 8, ""column"": 9}, ""data"": ""unknown namespace 'Expr'""}, {""severity"": ""error"", ""pos"": {""line"": 9, ""column"": 5}, ""endPos"": {""line"": 9, ""column"": 8}, ""data"": ""unknown namespace 'Ltl'""}, {""severity"": ""error"", ""pos"": {""line"": 10, ""column"": 28}, ""endPos"": {""line"": 11, ""column"": 5}, ""data"": ""unexpected token 'try'; expected '{' or tactic""}, {""severity"": ""error"", ""pos"": {""line"": 10, ""column"": 26}, ""endPos"": {""line"": 10, ""column"": 28}, ""data"": ""unsolved goals\nNat : Sort ?u.5\nx : Nat\n\u22a2 Nat""}]",False
no-overflow,3,False,"[{""severity"": ""error"", ""pos"": {""line"": 2, ""column"": 5}, ""endPos"": {""line"": 2, ""column"": 22}, ""data"": ""unknown namespace 'Lean.Elab.Tactics'""}, {""severity"": ""error"", ""pos"": {""line"": 3, ""column"": 5}, ""endPos"": {""line"": 3, ""column"": 24}, ""data"": ""unknown namespace 'Lean.Parser.Tactics'""}, {""severity"": ""error"", ""pos"": {""line"": 4, ""column"": 5}, ""endPos"": {""line"": 4, ""column"": 16}, ""data"": ""unknown namespace 'Lean.Syntax'""}, {""severity"": ""error"", ""pos"": {""line"": 5, ""column"": 5}, ""endPos"": {""line"": 5, ""column"": 19}, ""data"": ""unknown namespace 'Lean.Util.Why3'""}, {""severity"": ""error"", ""pos"": {""line"": 6, ""column"": 28}, ""endPos"": {""line"": 7, ""column"": 5}, ""data"": ""unexpected token 'try'; expected '{' or tactic""}, {""severity"": ""error"", ""pos"": {""line"": 6, ""column"": 26}, ""endPos"": {""line"": 6, ""column"": 28}, ""data"": ""unsolved goals\nUnit : Sort ?u.5\n\u22a2 Unit""}]",False,False,"[{""severity"": ""error"", ""pos"": {""line"": 3, ""column"": 28}, ""endPos"": {""line"": 4, ""column"": 5}, ""data"": ""unexpected token 'try'; expected '{' or tactic""}, {""severity"": ""error"", ""pos"": {""line"": 3, ""column"": 26}, ""endPos"": {""line"": 3, ""column"": 28}, ""data"": ""unsolved goals\nUnit : Sort ?u.5\n\u22a2 Unit""}]",False,False,"[{""severity"": ""error"", ""pos"": {""line"": 5, ""column"": 5}, ""endPos"": {""line"": 5, ""column"": 8}, ""data"": ""unknown namespace 'Nat'""}, {""severity"": ""error"", ""pos"": {""line"": 6, ""column"": 21}, ""endPos"": {""line"": 7, ""column"": 5}, ""data"": ""unexpected token 'try'; expected '{' or tactic""}, {""severity"": ""error"", ""pos"": {""line"": 6, ""column"": 19}, ""endPos"": {""line"": 6, ""column"": 21}, ""data"": ""unsolved goals\n\u22a2 ?m.2""}]",False
termination,4,False,"[{""severity"": ""error"", ""pos"": {""line"": 3, ""column"": 24}, ""endPos"": {""line"": 3, ""column"": 26}, ""data"": ""unexpected token 'by'; expected command""}]",False,False,"[{""severity"": ""error"", ""pos"": {""line"": 6, ""column"": 5}, ""endPos"": {""line"": 6, ""column"": 8}, ""data"": ""unknown namespace 'Nat'""}, {""severity"": ""error"", ""pos"": {""line"": 7, ""column"": 24}, ""endPos"": {""line"": 8, ""column"": 5}, ""data"": ""unexpected token 'try'; expected '{' or tactic""}, {""severity"": ""error"", ""pos"": {""line"": 7, ""column"": 11}, ""endPos"": {""line"": 7, ""column"": 18}, ""data"": ""unknown constant 'Unit'""}, {""severity"": ""error"", ""pos"": {""line"": 7, ""column"": 22}, ""endPos"": {""line"": 7, ""column"": 24}, ""data"": ""unsolved goals\nx\u271d : Sort ?u.2\nIO : x\u271d\n\u22a2 ?m.6""}]",False,False,"[{""severity"": ""error"", ""pos"": {""line"": 2, ""column"": 13}, ""endPos"": {""line"": 2, ""column"": 22}, ""data"": ""unknown namespace 'Enum.bool'""}, {""severity"": ""error"", ""pos"": {""line"": 3, ""column"": 8}, ""endPos"": {""line"": 3, ""column"": 10}, ""data"": ""unexpected identifier; expected '(', '[', '{' or '\u2983'""}, {""severity"": ""error"", ""pos"": {""line"": 4, ""column"": 4}, ""endPos"": {""line"": 4, ""column"": 8}, ""data"": ""invalid `main` function, it must have type `List String -> IO UInt32`""}]",False
termination,5,False,"[{""severity"": ""error"", ""pos"": {""line"": 2, ""column"": 14}, ""endPos"": {""line"": 2, ""column"": 17}, ""data"": ""unknown namespace 'Smt'""}]",False,,no code,False,False,"[{""severity"": ""error"", ""pos"": {""line"": 3, ""column"": 5}, ""endPos"": {""line"": 3, ""column"": 20}, ""data"": ""unknown namespace 'Lean.Nat.Divide'""}, {""severity"": ""error"", ""pos"": {""line"": 4, ""column"": 5}, ""endPos"": {""line"": 4, ""column"": 17}, ""data"": ""unknown namespace 'Lean.Nat.Add'""}, {""severity"": ""error"", ""pos"": {""line"": 5, ""column"": 5}, ""endPos"": {""line"": 5, ""column"": 17}, ""data"": ""unknown namespace 'Lean.Nat.Mul'""}, {""severity"": ""error"", ""pos"": {""line"": 6, ""column"": 5}, ""endPos"": {""line"": 6, ""column"": 17}, ""data"": ""unknown namespace 'Lean.Nat.Sub'""}, {""severity"": ""error"", ""pos"": {""line"": 7, ""column"": 5}, ""endPos"": {""line"": 7, ""column"": 17}, ""data"": ""unknown namespace 'Lean.Nat.Div'""}, {""severity"": ""error"", ""pos"": {""line"": 8, ""column"": 5}, ""endPos"": {""line"": 8, ""column"": 16}, ""data"": ""unknown namespace 'Lean.Nat.Eq'""}, {""severity"": ""error"", ""pos"": {""line"": 9, ""column"": 5}, ""endPos"": {""line"": 9, ""column"": 18}, ""data"": ""unknown namespace 'Lean.Nat.Bool'""}, {""severity"": ""error"", ""pos"": {""line"": 10, ""column"": 4}, ""endPos"": {""line"": 10, ""column"": 8}, ""data"": ""invalid `main` function, it must have type `List String -> IO UInt32`""}]",False
unreach-call,6,False,"[{""severity"": ""error"", ""pos"": {""line"": 2, ""column"": 5}, ""endPos"": {""line"": 2, ""column"": 22}, ""data"": ""unknown namespace 'Lean.Elab.Tactics'""}, {""severity"": ""error"", ""pos"": {""line"": 3, ""column"": 5}, ""endPos"": {""line"": 3, ""column"": 22}, ""data"": ""unknown namespace 'Lean.Expr.Tactics'""}, {""severity"": ""error"", ""pos"": {""line"": 4, ""column"": 5}, ""endPos"": {""line"": 4, ""column"": 16}, ""data"": ""unknown namespace 'Lean.Syntax'""}, {""severity"": ""error"", ""pos"": {""line"": 5, ""column"": 5}, ""endPos"": {""line"": 5, ""column"": 19}, ""data"": ""unknown namespace 'Lean.Util.Why3'""}, {""severity"": ""error"", ""pos"": {""line"": 6, ""column"": 28}, ""endPos"": {""line"": 7, ""column"": 5}, ""data"": ""unexpected token 'try'; expected '{' or tactic""}, {""severity"": ""error"", ""pos"": {""line"": 6, ""column"": 26}, ""endPos"": {""line"": 6, ""column"": 28}, ""data"": ""unsolved goals\nUnit : Sort ?u.5\n\u22a2 Unit""}]",False,False,"[{""severity"": ""error"", ""pos"": {""line"": 3, ""column"": 5}, ""endPos"": {""line"": 3, ""column"": 9}, ""data"": ""unknown namespace 'Lean'""}, {""severity"": ""error"", ""pos"": {""line"": 4, ""column"": 28}, ""endPos"": {""line"": 5, ""column"": 5}, ""data"": ""unexpected token 'try'; expected '{' or tactic""}, {""severity"": ""error"", ""pos"": {""line"": 4, ""column"": 26}, ""endPos"": {""line"": 4, ""column"": 28}, ""data"": ""unsolved goals\nUnit : Sort ?u.5\n\u22a2 Unit""}]",False,False,"[{""severity"": ""error"", ""pos"": {""line"": 3, ""column"": 5}, ""endPos"": {""line"": 3, ""column"": 9}, ""data"": ""unknown namespace 'Lean'""}, {""severity"": ""error"", ""pos"": {""line"": 4, ""column"": 5}, ""endPos"": {""line"": 4, ""column"": 22}, ""data"": ""unknown namespace 'Lean.Elab.Tactics'""}, {""severity"": ""error"", ""pos"": {""line"": 5, ""column"": 5}, ""endPos"": {""line"": 5, ""column"": 25}, ""data"": ""unknown namespace 'Lean.Elab.Attributes'""}, {""severity"": ""error"", ""pos"": {""line"": 6, ""column"": 28}, ""endPos"": {""line"": 7, ""column"": 5}, ""data"": ""unexpected token 'try'; expected '{' or tactic""}, {""severity"": ""error"", ""pos"": {""line"": 6, ""column"": 26}, ""endPos"": {""line"": 6, ""column"": 28}, ""data"": ""unsolved goals\nUnit : Sort ?u.5\n\u22a2 Unit""}]",False
unreach-call,7,False,"[{""severity"": ""error"", ""pos"": {""line"": 2, ""column"": 5}, ""endPos"": {""line"": 2, ""column"": 22}, ""data"": ""unknown namespace 'Lean.Elab.Tactics'""}, {""severity"": ""error"", ""pos"": {""line"": 3, ""column"": 5}, ""endPos"": {""line"": 3, ""column"": 22}, ""data"": ""unknown namespace 'Lean.Expr.Tactics'""}, {""severity"": ""error"", ""pos"": {""line"": 4, ""column"": 5}, ""endPos"": {""line"": 4, ""column"": 24}, ""data"": ""unknown namespace 'Lean.Parser.Tactics'""}, {""severity"": ""error"", ""pos"": {""line"": 5, ""column"": 5}, ""endPos"": {""line"": 5, ""column"": 16}, ""data"": ""unknown namespace 'Lean.Syntax'""}, {""severity"": ""error"", ""pos"": {""line"": 6, ""column"": 5}, ""endPos"": {""line"": 6, ""column"": 19}, ""data"": ""unknown namespace 'Lean.Util.Expr'""}, {""severity"": ""error"", ""pos"": {""line"": 7, ""column"": 28}, ""endPos"": {""line"": 8, ""column"": 5}, ""data"": ""unexpected token 'try'; expected '{' or tactic""}, {""severity"": ""error"", ""pos"": {""line"": 7, ""column"": 26}, ""endPos"": {""line"": 7, ""column"": 28}, ""data"": ""unsolved goals\nNat : Sort ?u.5\nx : Nat\n\u22a2 Nat""}]",False,False,"[{""severity"": ""error"", ""pos"": {""line"": 3, ""column"": 24}, ""endPos"": {""line"": 4, ""column"": 5}, ""data"": ""unexpected token 'try'; expected '{' or tactic""}, {""severity"": ""error"", ""pos"": {""line"": 3, ""column"": 22}, ""endPos"": {""line"": 3, ""column"": 24}, ""data"": ""unsolved goals\n\u2115 : Sort ?u.5\nx : \u2115\n\u22a2 \u2115""}]",False,False,"[{""severity"": ""error"", ""pos"": {""line"": 4, ""column"": 5}, ""endPos"": {""line"": 4, ""column"": 22}, ""data"": ""unknown namespace 'Lean.Elab.Tactics'""}, {""severity"": ""error"", ""pos"": {""line"": 5, ""column"": 5}, ""endPos"": {""line"": 5, ""column"": 24}, ""data"": ""unknown namespace 'Lean.Parser.Tactics'""}, {""severity"": ""error"", ""pos"": {""line"": 6, ""column"": 5}, ""endPos"": {""line"": 6, ""column"": 21}, ""data"": ""unknown namespace 'Lean.Parser.Term'""}, {""severity"": ""error"", ""pos"": {""line"": 7, ""column"": 24}, ""endPos"": {""line"": 8, ""column"": 5}, ""data"": ""unexpected token 'try'; expected '{' or tactic""}, {""severity"": ""error"", ""pos"": {""line"": 7, ""column"": 22}, ""endPos"": {""line"": 7, ""column"": 24}, ""data"": ""unsolved goals\n\u2115 : Sort ?u.5\nx : \u2115\n\u22a2 \u2115""}]",False
unreach-call,8,False,"[{""severity"": ""error"", ""pos"": {""line"": 2, ""column"": 10}, ""endPos"": {""line"": 2, ""column"": 14}, ""data"": ""'bool' has already been declared""}, {""severity"": ""error"", ""pos"": {""line"": 2, ""column"": 25}, ""endPos"": {""line"": 2, ""column"": 27}, ""data"": ""unexpected token 'by'; expected command""}]",False,False,"[{""severity"": ""error"", ""pos"": {""line"": 3, ""column"": 5}, ""endPos"": {""line"": 3, ""column"": 13}, ""data"": ""unknown namespace 'Function'""}, {""severity"": ""error"", ""pos"": {""line"": 4, ""column"": 5}, ""endPos"": {""line"": 4, ""column"": 8}, ""data"": ""unknown namespace 'Nat'""}, {""severity"": ""error"", ""pos"": {""line"": 5, ""column"": 5}, ""endPos"": {""line"": 5, ""column"": 9}, ""data"": ""unknown namespace 'Bool'""}, {""severity"": ""error"", ""pos"": {""line"": 6, ""column"": 5}, ""endPos"": {""line"": 6, ""column"": 25}, ""data"": ""unknown namespace 'Lean.Elab.Attributes'""}, {""severity"": ""error"", ""pos"": {""line"": 7, ""column"": 5}, ""endPos"": {""line"": 7, ""column"": 22}, ""data"": ""unknown namespace 'Lean.Elab.Tactics'""}, {""severity"": ""error"", ""pos"": {""line"": 8, ""column"": 2}, ""endPos"": {""line"": 8, ""column"": 11}, ""data"": ""unexpected token 'attribute'; expected attr""}, {""severity"": ""error"", ""pos"": {""line"": 8, ""column"": 20}, ""endPos"": {""line"": 8, ""column"": 32}, ""data"": ""unexpected token; expected ']'""}, {""severity"": ""error"", ""pos"": {""line"": 8, ""column"": 55}, ""endPos"": {""line"": 9, ""column"": 5}, ""data"": ""unexpected token 'try'; expected '{' or tactic""}, {""severity"": ""error"", ""pos"": {""line"": 8, ""column"": 53}, ""endPos"": {""line"": 8, ""column"": 55}, ""data"": ""unsolved goals\nNat : Sort ?u.5\n\u22a2 Nat""}]",False,False,"[{""severity"": ""error"", ""pos"": {""line"": 4, ""column"": 5}, ""endPos"": {""line"": 4, ""column"": 13}, ""data"": ""unknown namespace 'Function'""}, {""severity"": ""error"", ""pos"": {""line"": 5, ""column"": 5}, ""endPos"": {""line"": 5, ""column"": 9}, ""data"": ""unknown namespace 'Bool'""}, {""severity"": ""error"", ""pos"": {""line"": 6, ""column"": 5}, ""endPos"": {""line"": 6, ""column"": 8}, ""data"": ""unknown namespace 'Nat'""}, {""severity"": ""error"", ""pos"": {""line"": 10, ""column"": 14}, ""endPos"": {""line"": 10, ""column"": 26}, ""data"": ""unknown constant 'Unit'""}, {""severity"": ""error"", ""pos"": {""line"": 11, ""column"": 28}, ""endPos"": {""line"": 12, ""column"": 5}, ""data"": ""unexpected token 'try'; expected '{' or tactic""}, {""severity"": ""error"", ""pos"": {""line"": 11, ""column"": 26}, ""endPos"": {""line"": 11, ""column"": 28}, ""data"": ""unsolved goals\nBool\u271d : Sort ?u.63\nNat\u271d : Sort ?u.65\nArray\u271d : ?m.61\nk\u271d : Bool\u271d\nn\u271d : Nat\u271d\na\u271d : ?m.68\nBool : Sort ?u.63\nNat : Sort ?u.65\nx\u271d : Sort ?u.60\nArray : x\u271d\nk : Bool\nn : Nat\na : ?m.68\n\u22a2 Prop""}]",False
termination,9,True,[],False,False,"[{""severity"": ""error"", ""pos"": {""line"": 5, ""column"": 5}, ""endPos"": {""line"": 5, ""column"": 13}, ""data"": ""unknown namespace 'Function'""}, {""severity"": ""error"", ""pos"": {""line"": 6, ""column"": 5}, ""endPos"": {""line"": 6, ""column"": 8}, ""data"": ""unknown namespace 'Nat'""}, {""severity"": ""error"", ""pos"": {""line"": 7, ""column"": 38}, ""endPos"": {""line"": 8, ""column"": 5}, ""data"": ""unexpected token 'try'; expected '{' or tactic""}, {""severity"": ""error"", ""pos"": {""line"": 7, ""column"": 36}, ""endPos"": {""line"": 7, ""column"": 38}, ""data"": ""unsolved goals\nNat : Sort ?u.7\n\u22a2 Nat \u2192 Nat \u2192 Nat \u2192 Nat""}]",False,False,"[{""severity"": ""error"", ""pos"": {""line"": 3, ""column"": 10}, ""endPos"": {""line"": 3, ""column"": 14}, ""data"": ""'Bool' has already been declared""}, {""severity"": ""error"", ""pos"": {""line"": 3, ""column"": 25}, ""endPos"": {""line"": 3, ""column"": 27}, ""data"": ""unexpected token 'by'; expected command""}]",True
no-overflow,10,False,"[{""severity"": ""error"", ""pos"": {""line"": 2, ""column"": 5}, ""endPos"": {""line"": 2, ""column"": 8}, ""data"": ""unknown namespace 'Nat'""}, {""severity"": ""error"", ""pos"": {""line"": 3, ""column"": 0}, ""endPos"": {""line"": 3, ""column"": 9}, ""data"": ""unexpected identifier; expected command""}, {""severity"": ""error"", ""pos"": {""line"": 4, ""column"": 29}, ""endPos"": {""line"": 5, ""column"": 5}, ""data"": ""unexpected token 'try'; expected '{' or tactic""}, {""severity"": ""error"", ""pos"": {""line"": 4, ""column"": 11}, ""endPos"": {""line"": 4, ""column"": 23}, ""data"": ""unknown constant 'Unit'""}, {""severity"": ""error"", ""pos"": {""line"": 4, ""column"": 27}, ""endPos"": {""line"": 4, ""column"": 29}, ""data"": ""unsolved goals\nx\u271d : Sort ?u.2\nnonempty : x\u271d\n\u22a2 ?m.6""}]",False,False,"[{""severity"": ""error"", ""pos"": {""line"": 4, ""column"": 5}, ""endPos"": {""line"": 4, ""column"": 8}, ""data"": ""unknown namespace 'Nat'""}, {""severity"": ""error"", ""pos"": {""line"": 5, ""column"": 5}, ""endPos"": {""line"": 5, ""column"": 13}, ""data"": ""unknown namespace 'Function'""}, {""severity"": ""error"", ""pos"": {""line"": 6, ""column"": 5}, ""endPos"": {""line"": 6, ""column"": 9}, ""data"": ""unknown namespace 'Bool'""}, {""severity"": ""error"", ""pos"": {""line"": 7, ""column"": 7}, ""endPos"": {""line"": 7, ""column"": 11}, ""data"": ""unknown constant 'Unit'""}, {""severity"": ""error"", ""pos"": {""line"": 8, ""column"": 48}, ""endPos"": {""line"": 9, ""column"": 5}, ""data"": ""unexpected token 'try'; expected '{' or tactic""}, {""severity"": ""error"", ""pos"": {""line"": 8, ""column"": 46}, ""endPos"": {""line"": 8, ""column"": 48}, ""data"": ""unsolved goals\nNat : Sort ?u.10\np : Nat \u2192 Nat \u2192 Nat \u2192 Nat\n\u22a2 Nat""}]",True,True,[],False
def-behavior,11,False,"[{""severity"": ""error"", ""pos"": {""line"": 3, ""column"": 10}, ""endPos"": {""line"": 3, ""column"": 19}, ""data"": ""unknown namespace 'CppNative'""}, {""severity"": ""error"", ""pos"": {""line"": 5, ""column"": 10}, ""endPos"": {""line"": 5, ""column"": 15}, ""data"": ""type expected, got\n  (Array : \u2115 \u2192 Type)""}, {""severity"": ""error"", ""pos"": {""line"": 7, ""column"": 18}, ""endPos"": {""line"": 7, ""column"": 23}, ""data"": ""type expected, got\n  (Array : Type ?u.27 \u2192 Type ?u.27)""}, {""severity"": ""error"", ""pos"": {""line"": 7, ""column"": 27}, ""endPos"": {""line"": 7, ""column"": 32}, ""data"": ""type expected, got\n  (Array : Type ?u.49 \u2192 Type ?u.49)""}]",False,False,"[{""severity"": ""error"", ""pos"": {""line"": 3, ""column"": 45}, ""endPos"": {""line"": 3, ""column"": 47}, ""data"": ""unexpected token 'by'; expected command""}]",True,True,[],False
valid-memsafety,12,False,"[{""severity"": ""error"", ""pos"": {""line"": 3, ""column"": 20}, ""endPos"": {""line"": 3, ""column"": 21}, ""data"": ""unexpected token ','; expected ')'""}]",False,False,"[{""severity"": ""error"", ""pos"": {""line"": 4, ""column"": 5}, ""endPos"": {""line"": 4, ""column"": 9}, ""data"": ""unknown namespace 'Lean'""}, {""severity"": ""error"", ""pos"": {""line"": 5, ""column"": 5}, ""endPos"": {""line"": 5, ""column"": 10}, ""data"": ""unknown namespace 'Array'""}, {""severity"": ""error"", ""pos"": {""line"": 6, ""column"": 5}, ""endPos"": {""line"": 6, ""column"": 8}, ""data"": ""unknown namespace 'Nat'""}, {""severity"": ""error"", ""pos"": {""line"": 7, ""column"": 46}, ""endPos"": {""line"": 8, ""column"": 5}, ""data"": ""unexpected token 'try'; expected '{' or tactic""}, {""severity"": ""error"", ""pos"": {""line"": 7, ""column"": 27}, ""endPos"": {""line"": 7, ""column"": 40}, ""data"": ""unknown constant 'Unit'""}, {""severity"": ""error"", ""pos"": {""line"": 7, ""column"": 44}, ""endPos"": {""line"": 7, ""column"": 46}, ""data"": ""unsolved goals\nNat : Sort ?u.15\nx\u271d : Sort ?u.11\nArray : x\u271d\nf : Nat \u2192 Nat\n\u22a2 ?m.19""}]",False,False,"[{""severity"": ""error"", ""pos"": {""line"": 3, ""column"": 18}, ""endPos"": {""line"": 3, ""column"": 27}, ""data"": ""function expected at\n  Array \u2115\nterm has type\n  Type""}]",False
no-overflow,13,True,[],True,True,[],False,False,"[{""severity"": ""error"", ""pos"": {""line"": 2, ""column"": 5}, ""endPos"": {""line"": 2, ""column"": 8}, ""data"": ""unknown namespace 'Nat'""}, {""severity"": ""error"", ""pos"": {""line"": 3, ""column"": 31}, ""endPos"": {""line"": 4, ""column"": 5}, ""data"": ""unexpected token 'try'; expected '{' or tactic""}, {""severity"": ""error"", ""pos"": {""line"": 3, ""column"": 29}, ""endPos"": {""line"": 3, ""column"": 31}, ""data"": ""unsolved goals\nNat : Sort ?u.5\nn : Nat\n\u22a2 Nat""}]",True
def-behavior,14,False,"[{""severity"": ""error"", ""pos"": {""line"": 2, ""column"": 5}, ""endPos"": {""line"": 2, ""column"": 13}, ""data"": ""unknown namespace 'Function'""}, {""severity"": ""error"", ""pos"": {""line"": 3, ""column"": 5}, ""endPos"": {""line"": 3, ""column"": 8}, ""data"": ""unknown namespace 'Nat'""}, {""severity"": ""error"", ""pos"": {""line"": 4, ""column"": 25}, ""endPos"": {""line"": 5, ""column"": 5}, ""data"": ""unexpected token 'try'; expected '{' or tactic""}, {""severity"": ""error"", ""pos"": {""line"": 4, ""column"": 23}, ""endPos"": {""line"": 4, ""column"": 25}, ""data"": ""unsolved goals\nNat : Sort ?u.5\nn : Nat\n\u22a2 ?m.9 n""}]",False,False,"[{""severity"": ""error"", ""pos"": {""line"": 3, ""column"": 45}, ""endPos"": {""line"": 3, ""column"": 47}, ""data"": ""unexpected token 'by'; expected command""}]",False,False,"[{""severity"": ""error"", ""pos"": {""line"": 3, ""column"": 5}, ""endPos"": {""line"": 3, ""column"": 13}, ""data"": ""unknown namespace 'Function'""}, {""severity"": ""error"", ""pos"": {""line"": 4, ""column"": 53}, ""endPos"": {""line"": 5, ""column"": 5}, ""data"": ""unexpected token 'try'; expected '{' or tactic""}, {""severity"": ""error"", ""pos"": {""line"": 4, ""column"": 15}, ""endPos"": {""line"": 4, ""column"": 29}, ""data"": ""unknown constant 'Unit'""}, {""severity"": ""error"", ""pos"": {""line"": 4, ""column"": 51}, ""endPos"": {""line"": 4, ""column"": 53}, ""data"": ""unsolved goals\nx\u271d : Sort ?u.2\nArray : x\u271d\nInt : Sort ?u.15\na : ?m.13\nk : Int\n\u22a2 Prop""}]",False
no-overflow,15,True,[],False,False,"[{""severity"": ""error"", ""pos"": {""line"": 3, ""column"": 14}, ""endPos"": {""line"": 4, ""column"": 5}, ""data"": ""unexpected token 'try'; expected '{' or tactic""}, {""severity"": ""error"", ""pos"": {""line"": 3, ""column"": 12}, ""endPos"": {""line"": 3, ""column"": 14}, ""data"": ""unsolved goals\n\u22a2 ?m.2""}]",False,,no code,True
valid-memsafety,16,False,"[{""severity"": ""error"", ""pos"": {""line"": 2, ""column"": 5}, ""endPos"": {""line"": 2, ""column"": 13}, ""data"": ""unknown namespace 'Function'""}, {""severity"": ""error"", ""pos"": {""line"": 3, ""column"": 5}, ""endPos"": {""line"": 3, ""column"": 9}, ""data"": ""unknown namespace 'List'""}, {""severity"": ""error"", ""pos"": {""line"": 6, ""column"": 4}, ""endPos"": {""line"": 6, ""column"": 6}, ""data"": ""unexpected token '+'; expected ')', ',' or ':'""}, {""severity"": ""error"", ""pos"": {""line"": 4, ""column"": 26}, ""endPos"": {""line"": 4, ""column"": 34}, ""data"": ""unknown constant 'Unit'""}, {""severity"": ""error"", ""pos"": {""line"": 4, ""column"": 37}, ""endPos"": {""line"": 4, ""column"": 47}, ""data"": ""unknown constant 'Unit'""}, {""severity"": ""error"", ""pos"": {""line"": 15, ""column"": 19}, ""endPos"": {""line"": 16, ""column"": 5}, ""data"": ""unexpected token 'try'; expected '{' or tactic""}, {""severity"": ""error"", ""pos"": {""line"": 15, ""column"": 17}, ""endPos"": {""line"": 15, ""column"": 19}, ""data"": ""unsolved goals\n\u22a2 ?m.71""}]",False,False,"[{""severity"": ""error"", ""pos"": {""line"": 4, ""column"": 5}, ""endPos"": {""line"": 4, ""column"": 9}, ""data"": ""unknown namespace 'Lean'""}, {""severity"": ""error"", ""pos"": {""line"": 5, ""column"": 5}, ""endPos"": {""line"": 5, ""column"": 9}, ""data"": ""unknown namespace 'Lean'""}, {""severity"": ""error"", ""pos"": {""line"": 7, ""column"": 34}, ""endPos"": {""line"": 8, ""column"": 5}, ""data"": ""unexpected token 'try'; expected '{' or tactic""}, {""severity"": ""error"", ""pos"": {""line"": 7, ""column"": 21}, ""endPos"": {""line"": 7, ""column"": 28}, ""data"": ""unknown constant 'Unit'""}, {""severity"": ""error"", ""pos"": {""line"": 7, ""column"": 32}, ""endPos"": {""line"": 7, ""column"": 34}, ""data"": ""unsolved goals\nNat : Sort ?u.11\nx\u271d : Sort ?u.8\nIO : x\u271d\np : Nat\n\u22a2 ?m.14""}]",False,False,"[{""severity"": ""error"", ""pos"": {""line"": 5, ""column"": 5}, ""endPos"": {""line"": 5, ""column"": 9}, ""data"": ""unknown namespace 'Lean'""}, {""severity"": ""error"", ""pos"": {""line"": 6, ""column"": 5}, ""endPos"": {""line"": 6, ""column"": 8}, ""data"": ""unknown namespace 'Nat'""}, {""severity"": ""error"", ""pos"": {""line"": 7, ""column"": 5}, ""endPos"": {""line"": 7, ""column"": 10}, ""data"": ""unknown namespace 'Array'""}, {""severity"": ""error"", ""pos"": {""line"": 8, ""column"": 5}, ""endPos"": {""line"": 8, ""column"": 13}, ""data"": ""unknown namespace 'Function'""}, {""severity"": ""error"", ""pos"": {""line"": 9, ""column"": 5}, ""endPos"": {""line"": 9, ""column"": 8}, ""data"": ""unknown namespace 'Ltl'""}, {""severity"": ""error"", ""pos"": {""line"": 10, ""column"": 35}, ""endPos"": {""line"": 11, ""column"": 5}, ""data"": ""unexpected token 'try'; expected '{' or tactic""}, {""severity"": ""error"", ""pos"": {""line"": 10, ""column"": 33}, ""endPos"": {""line"": 10, ""column"": 35}, ""data"": ""unsolved goals\nNat : Sort ?u.5\nn : Nat\n\u22a2 Type""}]",False
termination,17,False,"[{""severity"": ""error"", ""pos"": {""line"": 2, ""column"": 5}, ""endPos"": {""line"": 2, ""column"": 16}, ""data"": ""unknown namespace 'Enumeration'""}, {""severity"": ""error"", ""pos"": {""line"": 3, ""column"": 25}, ""endPos"": {""line"": 3, ""column"": 27}, ""data"": ""unexpected token 'by'; expected command""}]",False,False,"[{""severity"": ""error"", ""pos"": {""line"": 3, ""column"": 5}, ""endPos"": {""line"": 3, ""column"": 9}, ""data"": ""unknown namespace 'Lean'""}, {""severity"": ""error"", ""pos"": {""line"": 4, ""column"": 5}, ""endPos"": {""line"": 4, ""column"": 8}, ""data"": ""unknown namespace 'Nat'""}, {""severity"": ""error"", ""pos"": {""line"": 18, ""column"": 10}, ""endPos"": null, ""data"": ""expected token""}]",False,False,"[{""severity"": ""error"", ""pos"": {""line"": 3, ""column"": 5}, ""endPos"": {""line"": 3, ""column"": 8}, ""data"": ""unknown namespace 'nat'""}, {""severity"": ""error"", ""pos"": {""line"": 4, ""column"": 5}, ""endPos"": {""line"": 4, ""column"": 9}, ""data"": ""unknown namespace 'bool'""}, {""severity"": ""error"", ""pos"": {""line"": 5, ""column"": 42}, ""endPos"": {""line"": 6, ""column"": 5}, ""data"": ""unexpected token 'try'; expected '{' or tactic""}, {""severity"": ""error"", ""pos"": {""line"": 5, ""column"": 40}, ""endPos"": {""line"": 5, ""column"": 42}, ""data"": ""unsolved goals\n\u2115 : Sort ?u.5\ni j : \u2115\n\u22a2 Prop""}]",False
unreach-call,18,False,"[{""severity"": ""error"", ""pos"": {""line"": 3, ""column"": 5}, ""endPos"": {""line"": 3, ""column"": 45}, ""data"": ""unexpected token; expected ']'""}]",False,False,"[{""severity"": ""error"", ""pos"": {""line"": 3, ""column"": 26}, ""endPos"": {""line"": 4, ""column"": 5}, ""data"": ""unexpected token 'try'; expected '{' or tactic""}, {""severity"": ""error"", ""pos"": {""line"": 3, ""column"": 24}, ""endPos"": {""line"": 3, ""column"": 26}, ""data"": ""unsolved goals\n\u2115 : Sort ?u.5\nn : \u2115\n\u22a2 \u2115""}]",False,False,"[{""severity"": ""error"", ""pos"": {""line"": 2, ""column"": 5}, ""endPos"": {""line"": 2, ""column"": 9}, ""data"": ""unknown namespace 'Lean'""}, {""severity"": ""error"", ""pos"": {""line"": 3, ""column"": 30}, ""endPos"": {""line"": 4, ""column"": 5}, ""data"": ""unexpected token 'try'; expected '{' or tactic""}, {""severity"": ""error"", ""pos"": {""line"": 3, ""column"": 28}, ""endPos"": {""line"": 3, ""column"": 30}, ""data"": ""unsolved goals\nNat : Sort ?u.5\nn : Nat\n\u22a2 Nat""}]",False
termination,19,False,"[{""severity"": ""error"", ""pos"": {""line"": 2, ""column"": 5}, ""endPos"": {""line"": 2, ""column"": 8}, ""data"": ""unknown namespace 'Nat'""}, {""severity"": ""error"", ""pos"": {""line"": 3, ""column"": 29}, ""endPos"": {""line"": 4, ""column"": 5}, ""data"": ""unexpected token 'try'; expected '{' or tactic""}, {""severity"": ""error"", ""pos"": {""line"": 3, ""column"": 27}, ""endPos"": {""line"": 3, ""column"": 29}, ""data"": ""unsolved goals\nNat : Sort ?u.5\na : Nat\n\u22a2 Nat""}]",False,False,"[{""severity"": ""error"", ""pos"": {""line"": 4, ""column"": 5}, ""endPos"": {""line"": 4, ""column"": 9}, ""data"": ""unknown namespace 'Lean'""}, {""severity"": ""error"", ""pos"": {""line"": 5, ""column"": 5}, ""endPos"": {""line"": 5, ""column"": 8}, ""data"": ""unknown namespace 'Ltl'""}, {""severity"": ""error"", ""pos"": {""line"": 6, ""column"": 25}, ""endPos"": {""line"": 7, ""column"": 5}, ""data"": ""unexpected token 'try'; expected '{' or tactic""}, {""severity"": ""error"", ""pos"": {""line"": 6, ""column"": 23}, ""endPos"": {""line"": 6, ""column"": 25}, ""data"": ""unsolved goals\n\u2115 : Sort ?u.5\na : \u2115\n\u22a2 \u2115""}]",False,False,"[{""severity"": ""error"", ""pos"": {""line"": 3, ""column"": 5}, ""endPos"": {""line"": 3, ""column"": 8}, ""data"": ""unknown namespace 'Ltl'""}, {""severity"": ""error"", ""pos"": {""line"": 4, ""column"": 25}, ""endPos"": {""line"": 5, ""column"": 5}, ""data"": ""unexpected token 'try'; expected '{' or tactic""}, {""severity"": ""error"", ""pos"": {""line"": 4, ""column"": 23}, ""endPos"": {""line"": 4, ""column"": 25}, ""data"": ""unsolved goals\n\u2115 : Sort ?u.5\na : \u2115\n\u22a2 \u2115""}]",False
no-overflow,20,False,no code,False,False,"[{""severity"": ""error"", ""pos"": {""line"": 4, ""column"": 5}, ""endPos"": {""line"": 4, ""column"": 13}, ""data"": ""unknown namespace 'Function'""}, {""severity"": ""error"", ""pos"": {""line"": 5, ""column"": 5}, ""endPos"": {""line"": 5, ""column"": 8}, ""data"": ""unknown namespace 'Nat'""}, {""severity"": ""error"", ""pos"": {""line"": 6, ""column"": 27}, ""endPos"": {""line"": 7, ""column"": 5}, ""data"": ""unexpected token 'try'; expected '{' or tactic""}, {""severity"": ""error"", ""pos"": {""line"": 6, ""column"": 25}, ""endPos"": {""line"": 6, ""column"": 27}, ""data"": ""unsolved goals\nNat : Sort ?u.5\nd : Nat\n\u22a2 Nat""}]",False,False,"[{""severity"": ""error"", ""pos"": {""line"": 4, ""column"": 5}, ""endPos"": {""line"": 4, ""column"": 8}, ""data"": ""unknown namespace 'Ltl'""}, {""severity"": ""error"", ""pos"": {""line"": 5, ""column"": 28}, ""endPos"": {""line"": 6, ""column"": 5}, ""data"": ""unexpected token 'try'; expected '{' or tactic""}, {""severity"": ""error"", ""pos"": {""line"": 5, ""column"": 26}, ""endPos"": {""line"": 5, ""column"": 28}, ""data"": ""unsolved goals\nInt : Sort ?u.11\nUnit : Sort ?u.13\nd : Int\n\u22a2 Unit""}]",
termination,21,False,"[{""severity"": ""error"", ""pos"": {""line"": 2, ""column"": 5}, ""endPos"": {""line"": 2, ""column"": 16}, ""data"": ""unknown namespace 'Enumeration'""}, {""severity"": ""error"", ""pos"": {""line"": 3, ""column"": 25}, ""endPos"": {""line"": 3, ""column"": 27}, ""data"": ""unexpected token 'by'; expected command""}]",False,False,"[{""severity"": ""error"", ""pos"": {""line"": 4, ""column"": 5}, ""endPos"": {""line"": 4, ""column"": 8}, ""data"": ""unknown namespace 'Nat'""}, {""severity"": ""error"", ""pos"": {""line"": 5, ""column"": 5}, ""endPos"": {""line"": 5, ""column"": 13}, ""data"": ""unknown namespace 'Function'""}, {""severity"": ""error"", ""pos"": {""line"": 6, ""column"": 5}, ""endPos"": {""line"": 6, ""column"": 9}, ""data"": ""unknown namespace 'Bool'""}, {""severity"": ""error"", ""pos"": {""line"": 7, ""column"": 0}, ""endPos"": {""line"": 7, ""column"": 9}, ""data"": ""unexpected identifier; expected command""}, {""severity"": ""error"", ""pos"": {""line"": 8, ""column"": 18}, ""endPos"": {""line"": 9, ""column"": 5}, ""data"": ""unexpected token 'try'; expected '{' or tactic""}, {""severity"": ""error"", ""pos"": {""line"": 8, ""column"": 16}, ""endPos"": {""line"": 8, ""column"": 18}, ""data"": ""unsolved goals\n\u2115 : Sort ?u.5\n\u22a2 \u2115""}]",False,False,"[{""severity"": ""error"", ""pos"": {""line"": 4, ""column"": 5}, ""endPos"": {""line"": 4, ""column"": 22}, ""data"": ""unknown namespace 'Lean.Elab.Tactics'""}, {""severity"": ""error"", ""pos"": {""line"": 5, ""column"": 5}, ""endPos"": {""line"": 5, ""column"": 24}, ""data"": ""unknown namespace 'Lean.Parser.Tactics'""}, {""severity"": ""error"", ""pos"": {""line"": 6, ""column"": 5}, ""endPos"": {""line"": 6, ""column"": 21}, ""data"": ""unknown namespace 'Lean.Parser.Term'""}, {""severity"": ""error"", ""pos"": {""line"": 9, ""column"": 25}, ""endPos"": {""line"": 9, ""column"": 27}, ""data"": ""unexpected token 'by'; expected command""}]",False
termination,22,False,"[{""severity"": ""error"", ""pos"": {""line"": 2, ""column"": 5}, ""endPos"": {""line"": 2, ""column"": 8}, ""data"": ""unknown namespace 'Nat'""}, {""severity"": ""error"", ""pos"": {""line"": 4, ""column"": 43}, ""endPos"": {""line"": 5, ""column"": 5}, ""data"": ""unexpected token 'try'; expected '{' or tactic""}, {""severity"": ""error"", ""pos"": {""line"": 4, ""column"": 41}, ""endPos"": {""line"": 4, ""column"": 43}, ""data"": ""unsolved goals\nNat : Sort ?u.7\np : Nat \u2192 Nat \u2192 Nat\n\u22a2 Prop""}]",False,False,"[{""severity"": ""error"", ""pos"": {""line"": 3, ""column"": 5}, ""endPos"": {""line"": 3, ""column"": 9}, ""data"": ""unknown namespace 'Lean'""}, {""severity"": ""error"", ""pos"": {""line"": 4, ""column"": 5}, ""endPos"": {""line"": 4, ""column"": 8}, ""data"": ""unknown namespace 'Nat'""}, {""severity"": ""error"", ""pos"": {""line"": 5, ""column"": 5}, ""endPos"": {""line"": 5, ""column"": 13}, ""data"": ""unknown namespace 'Function'""}, {""severity"": ""error"", ""pos"": {""line"": 6, ""column"": 5}, ""endPos"": {""line"": 6, ""column"": 9}, ""data"": ""unknown namespace 'Bool'""}, {""severity"": ""error"", ""pos"": {""line"": 7, ""column"": 26}, ""endPos"": {""line"": 8, ""column"": 5}, ""data"": ""unexpected token 'try'; expected '{' or tactic""}, {""severity"": ""error"", ""pos"": {""line"": 7, ""column"": 24}, ""endPos"": {""line"": 7, ""column"": 26}, ""data"": ""unsolved goals\n\u2115 : Sort ?u.5\n\u22a2 \u2115""}]",False,False,"[{""severity"": ""error"", ""pos"": {""line"": 3, ""column"": 5}, ""endPos"": {""line"": 3, ""column"": 9}, ""data"": ""unknown namespace 'Lean'""}, {""severity"": ""error"", ""pos"": {""line"": 4, ""column"": 5}, ""endPos"": {""line"": 4, ""column"": 8}, ""data"": ""unknown namespace 'Ltl'""}, {""severity"": ""error"", ""pos"": {""line"": 6, ""column"": 42}, ""endPos"": {""line"": 7, ""column"": 5}, ""data"": ""unexpected token 'try'; expected '{' or tactic""}, {""severity"": ""error"", ""pos"": {""line"": 6, ""column"": 40}, ""endPos"": {""line"": 6, ""column"": 42}, ""data"": ""unsolved goals\nunit : Sort ?u.13\nnat : Sort ?u.14\nmain : unit \u2192 nat\n\u22a2 Prop""}]",False
unreach-call,23,False,"[{""severity"": ""error"", ""pos"": {""line"": 9, ""column"": 35}, ""endPos"": {""line"": 10, ""column"": 5}, ""data"": ""unexpected token 'try'; expected '{' or tactic""}, {""severity"": ""error"", ""pos"": {""line"": 9, ""column"": 33}, ""endPos"": {""line"": 9, ""column"": 35}, ""data"": ""unsolved goals\nNat : Sort ?u.5\nn : Nat\n\u22a2 Nat""}]",False,False,"[{""severity"": ""error"", ""pos"": {""line"": 2, ""column"": 5}, ""endPos"": {""line"": 2, ""column"": 13}, ""data"": ""unknown namespace 'Function'""}, {""severity"": ""error"", ""pos"": {""line"": 3, ""column"": 5}, ""endPos"": {""line"": 3, ""column"": 8}, ""data"": ""unknown namespace 'Nat'""}, {""severity"": ""error"", ""pos"": {""line"": 4, ""column"": 35}, ""endPos"": {""line"": 5, ""column"": 5}, ""data"": ""unexpected token 'try'; expected '{' or tactic""}, {""severity"": ""error"", ""pos"": {""line"": 4, ""column"": 33}, ""endPos"": {""line"": 4, ""column"": 35}, ""data"": ""unsolved goals\nNat : Sort ?u.5\nn : Nat\n\u22a2 Nat""}]",False,False,"[{""severity"": ""error"", ""pos"": {""line"": 5, ""column"": 5}, ""endPos"": {""line"": 5, ""column"": 25}, ""data"": ""unknown namespace 'Lean.Elab.Attributes'""}, {""severity"": ""error"", ""pos"": {""line"": 6, ""column"": 5}, ""endPos"": {""line"": 6, ""column"": 22}, ""data"": ""unknown namespace 'Lean.Elab.Tactics'""}, {""severity"": ""error"", ""pos"": {""line"": 7, ""column"": 5}, ""endPos"": {""line"": 7, ""column"": 24}, ""data"": ""unknown namespace 'Lean.Parser.Tactics'""}, {""severity"": ""error"", ""pos"": {""line"": 8, ""column"": 14}, ""endPos"": {""line"": 8, ""column"": 23}, ""data"": ""unexpected identifier; expected 'lemma'""}, {""severity"": ""error"", ""pos"": {""line"": 9, ""column"": 2}, ""endPos"": {""line"": 9, ""column"": 13}, ""data"": ""unknown attribute [lean_import]""}]",False
unreach-call,24,True,[],False,False,"[{""severity"": ""error"", ""pos"": {""line"": 2, ""column"": 5}, ""endPos"": {""line"": 2, ""column"": 8}, ""data"": ""unknown namespace 'Nat'""}, {""severity"": ""error"", ""pos"": {""line"": 3, ""column"": 39}, ""endPos"": {""line"": 4, ""column"": 5}, ""data"": ""unexpected token 'try'; expected '{' or tactic""}, {""severity"": ""error"", ""pos"": {""line"": 3, ""column"": 23}, ""endPos"": {""line"": 3, ""column"": 33}, ""data"": ""unknown constant 'Unit'""}, {""severity"": ""error"", ""pos"": {""line"": 3, ""column"": 37}, ""endPos"": {""line"": 3, ""column"": 39}, ""data"": ""unsolved goals\nNat : Sort ?u.11\nx\u271d : Sort ?u.8\noption : x\u271d\nn : Nat\n\u22a2 ?m.14""}]",True,True,[],True
def-behavior,25,False,no code,False,False,"[{""severity"": ""error"", ""pos"": {""line"": 3, ""column"": 5}, ""endPos"": {""line"": 3, ""column"": 8}, ""data"": ""unknown namespace 'Nat'""}, {""severity"": ""error"", ""pos"": {""line"": 4, ""column"": 37}, ""endPos"": {""line"": 5, ""column"": 5}, ""data"": ""unexpected token 'try'; expected '{' or tactic""}, {""severity"": ""error"", ""pos"": {""line"": 4, ""column"": 35}, ""endPos"": {""line"": 4, ""column"": 37}, ""data"": ""unsolved goals\nNat : Sort ?u.7\n\u22a2 Nat \u2192 Nat \u2192 Prop""}]",False,False,"[{""severity"": ""error"", ""pos"": {""line"": 2, ""column"": 14}, ""endPos"": {""line"": 2, ""column"": 24}, ""data"": ""unknown namespace 'Enumerable'""}]",
valid-memsafety,26,False,"[{""severity"": ""error"", ""pos"": {""line"": 2, ""column"": 9}, ""endPos"": {""line"": 2, ""column"": 11}, ""data"": ""unexpected token '\u2124'; expected ':=', 'where' or '|'""}]",False,False,"[{""severity"": ""error"", ""pos"": {""line"": 3, ""column"": 20}, ""endPos"": {""line"": 4, ""column"": 5}, ""data"": ""unexpected token 'try'; expected '{' or tactic""}, {""severity"": ""error"", ""pos"": {""line"": 3, ""column"": 18}, ""endPos"": {""line"": 3, ""column"": 20}, ""data"": ""unsolved goals\nNat : Sort ?u.5\n\u22a2 Nat""}]",False,False,"[{""severity"": ""error"", ""pos"": {""line"": 3, ""column"": 17}, ""endPos"": {""line"": 4, ""column"": 5}, ""data"": ""unexpected token 'try'; expected '{' or tactic""}, {""severity"": ""error"", ""pos"": {""line"": 3, ""column"": 15}, ""endPos"": {""line"": 3, ""column"": 17}, ""data"": ""unsolved goals\nNat : Sort ?u.5\n\u22a2 Nat""}]",False
unreach-call,27,False,"[{""severity"": ""error"", ""pos"": {""line"": 4, ""column"": 5}, ""endPos"": {""line"": 4, ""column"": 8}, ""data"": ""unknown namespace 'Nat'""}, {""severity"": ""error"", ""pos"": {""line"": 5, ""column"": 0}, ""endPos"": {""line"": 5, ""column"": 9}, ""data"": ""unexpected identifier; expected command""}, {""severity"": ""error"", ""pos"": {""line"": 6, ""column"": 34}, ""endPos"": {""line"": 7, ""column"": 5}, ""data"": ""unexpected token 'try'; expected '{' or tactic""}, {""severity"": ""error"", ""pos"": {""line"": 6, ""column"": 32}, ""endPos"": {""line"": 6, ""column"": 34}, ""data"": ""unsolved goals\n\u2115 : Sort ?u.5\nn : \u2115\n\u22a2 Type""}]",False,False,"[{""severity"": ""error"", ""pos"": {""line"": 2, ""column"": 5}, ""endPos"": {""line"": 2, ""column"": 13}, ""data"": ""unknown namespace 'Function'""}, {""severity"": ""error"", ""pos"": {""line"": 3, ""column"": 5}, ""endPos"": {""line"": 3, ""column"": 9}, ""data"": ""unknown namespace 'List'""}, {""severity"": ""error"", ""pos"": {""line"": 4, ""column"": 5}, ""endPos"": {""line"": 4, ""column"": 8}, ""data"": ""unknown namespace 'Nat'""}, {""severity"": ""error"", ""pos"": {""line"": 5, ""column"": 5}, ""endPos"": {""line"": 5, ""column"": 11}, ""data"": ""unknown namespace 'BigInt'""}, {""severity"": ""error"", ""pos"": {""line"": 6, ""column"": 42}, ""endPos"": {""line"": 7, ""column"": 5}, ""data"": ""unexpected token 'try'; expected '{' or tactic""}, {""severity"": ""error"", ""pos"": {""line"": 6, ""column"": 23}, ""endPos"": {""line"": 6, ""column"": 36}, ""data"": ""unknown constant 'Unit'""}, {""severity"": ""error"", ""pos"": {""line"": 6, ""column"": 40}, ""endPos"": {""line"": 6, ""column"": 42}, ""data"": ""unsolved goals\nNat : Sort ?u.11\nx\u271d : Sort ?u.8\noption : x\u271d\nn : Nat\n\u22a2 ?m.14""}]",False,False,"[{""severity"": ""error"", ""pos"": {""line"": 2, ""column"": 14}, ""endPos"": {""line"": 2, ""column"": 20}, ""data"": ""unknown namespace 'BigInt'""}]",False
unreach-call,28,False,"[{""severity"": ""error"", ""pos"": {""line"": 2, ""column"": 5}, ""endPos"": {""line"": 2, ""column"": 22}, ""data"": ""unknown namespace 'Lean.Elab.Tactics'""}, {""severity"": ""error"", ""pos"": {""line"": 3, ""column"": 5}, ""endPos"": {""line"": 3, ""column"": 24}, ""data"": ""unknown namespace 'Lean.Parser.Tactics'""}, {""severity"": ""error"", ""pos"": {""line"": 4, ""column"": 5}, ""endPos"": {""line"": 4, ""column"": 16}, ""data"": ""unknown namespace 'Lean.Syntax'""}, {""severity"": ""error"", ""pos"": {""line"": 5, ""column"": 5}, ""endPos"": {""line"": 5, ""column"": 19}, ""data"": ""unknown namespace 'Lean.Util.Why3'""}, {""severity"": ""error"", ""pos"": {""line"": 6, ""column"": 28}, ""endPos"": {""line"": 7, ""column"": 5}, ""data"": ""unexpected token 'try'; expected '{' or tactic""}, {""severity"": ""error"", ""pos"": {""line"": 6, ""column"": 26}, ""endPos"": {""line"": 6, ""column"": 28}, ""data"": ""unsolved goals\nUnit : Sort ?u.5\n\u22a2 Unit""}]",False,False,"[{""severity"": ""error"", ""pos"": {""line"": 3, ""column"": 5}, ""endPos"": {""line"": 3, ""column"": 8}, ""data"": ""unknown namespace 'nat'""}, {""severity"": ""error"", ""pos"": {""line"": 4, ""column"": 22}, ""endPos"": {""line"": 5, ""column"": 5}, ""data"": ""unexpected token 'try'; expected '{' or tactic""}, {""severity"": ""error"", ""pos"": {""line"": 4, ""column"": 20}, ""endPos"": {""line"": 4, ""column"": 22}, ""data"": ""unsolved goals\nnat : Sort ?u.5\n\u22a2 nat""}]",False,False,"[{""severity"": ""error"", ""pos"": {""line"": 6, ""column"": 5}, ""endPos"": {""line"": 6, ""column"": 8}, ""data"": ""unknown namespace 'Nat'""}, {""severity"": ""error"", ""pos"": {""line"": 7, ""column"": 5}, ""endPos"": {""line"": 7, ""column"": 9}, ""data"": ""unknown namespace 'Bool'""}, {""severity"": ""error"", ""pos"": {""line"": 8, ""column"": 21}, ""endPos"": {""line"": 9, ""column"": 5}, ""data"": ""unexpected token 'try'; expected '{' or tactic""}, {""severity"": ""error"", ""pos"": {""line"": 8, ""column"": 19}, ""endPos"": {""line"": 8, ""column"": 21}, ""data"": ""unsolved goals\n\u22a2 ?m.2""}]",False
no-overflow,29,False,"[{""severity"": ""error"", ""pos"": {""line"": 2, ""column"": 5}, ""endPos"": {""line"": 2, ""column"": 6}, ""data"": ""unknown namespace 'C'""}, {""severity"": ""error"", ""pos"": {""line"": 9, ""column"": 28}, ""endPos"": {""line"": 10, ""column"": 5}, ""data"": ""unexpected token 'try'; expected '{' or tactic""}, {""severity"": ""error"", ""pos"": {""line"": 9, ""column"": 16}, ""endPos"": {""line"": 9, ""column"": 22}, ""data"": ""unknown constant 'Unit'""}, {""severity"": ""error"", ""pos"": {""line"": 9, ""column"": 26}, ""endPos"": {""line"": 9, ""column"": 28}, ""data"": ""unsolved goals\nx\u271d : Sort ?u.28\nIO : x\u271d\n\u22a2 ?m.32""}]",True,True,[],False,False,"[{""severity"": ""error"", ""pos"": {""line"": 2, ""column"": 32}, ""endPos"": {""line"": 3, ""column"": 5}, ""data"": ""unexpected token 'try'; expected '{' or tactic""}, {""severity"": ""error"", ""pos"": {""line"": 2, ""column"": 19}, ""endPos"": {""line"": 2, ""column"": 26}, ""data"": ""unknown constant 'Unit'""}, {""severity"": ""error"", ""pos"": {""line"": 2, ""column"": 30}, ""endPos"": {""line"": 2, ""column"": 32}, ""data"": ""unsolved goals\nx\u271d : Sort ?u.2\nIO : x\u271d\n\u22a2 ?m.6""}]",False
unreach-call,30,False,no code,False,False,"[{""severity"": ""error"", ""pos"": {""line"": 5, ""column"": 4}, ""endPos"": {""line"": 5, ""column"": 8}, ""data"": ""invalid `main` function, it must have type `List String -> IO UInt32`""}]",False,False,"[{""severity"": ""error"", ""pos"": {""line"": 3, ""column"": 30}, ""endPos"": {""line"": 4, ""column"": 5}, ""data"": ""unexpected token 'try'; expected '{' or tactic""}, {""severity"": ""error"", ""pos"": {""line"": 3, ""column"": 28}, ""endPos"": {""line"": 3, ""column"": 30}, ""data"": ""unsolved goals\nNat : Sort ?u.5\nn : Nat\n\u22a2 Nat""}]",
no-overflow,31,False,"[{""severity"": ""error"", ""pos"": {""line"": 3, ""column"": 0}, ""endPos"": {""line"": 3, ""column"": 10}, ""data"": ""unexpected identifier; expected command""}]",False,False,"[{""severity"": ""error"", ""pos"": {""line"": 5, ""column"": 5}, ""endPos"": {""line"": 5, ""column"": 13}, ""data"": ""unknown namespace 'Function'""}, {""severity"": ""error"", ""pos"": {""line"": 6, ""column"": 5}, ""endPos"": {""line"": 6, ""column"": 8}, ""data"": ""unknown namespace 'Nat'""}, {""severity"": ""error"", ""pos"": {""line"": 7, ""column"": 5}, ""endPos"": {""line"": 7, ""column"": 8}, ""data"": ""unknown namespace 'Int'""}, {""severity"": ""error"", ""pos"": {""line"": 8, ""column"": 5}, ""endPos"": {""line"": 8, ""column"": 9}, ""data"": ""unknown namespace 'Bool'""}, {""severity"": ""error"", ""pos"": {""line"": 9, ""column"": 5}, ""endPos"": {""line"": 9, ""column"": 25}, ""data"": ""unknown namespace 'Lean.Elab.Attributes'""}, {""severity"": ""error"", ""pos"": {""line"": 10, ""column"": 40}, ""endPos"": {""line"": 11, ""column"": 5}, ""data"": ""unexpected token 'try'; expected '{' or tactic""}, {""severity"": ""error"", ""pos"": {""line"": 10, ""column"": 27}, ""endPos"": {""line"": 10, ""column"": 34}, ""data"": ""unknown constant 'Unit'""}, {""severity"": ""error"", ""pos"": {""line"": 10, ""column"": 38}, ""endPos"": {""line"": 10, ""column"": 40}, ""data"": ""unsolved goals\nx\u271d : Sort ?u.2\nIO : x\u271d\n\u22a2 ?m.6""}]",False,False,"[{""severity"": ""error"", ""pos"": {""line"": 2, ""column"": 13}, ""endPos"": {""line"": 2, ""column"": 17}, ""data"": ""unknown namespace 'Enum'""}]",False
valid-memsafety,32,True,[],False,False,"[{""severity"": ""error"", ""pos"": {""line"": 3, ""column"": 26}, ""endPos"": {""line"": 4, ""column"": 5}, ""data"": ""unexpected token 'try'; expected '{' or tactic""}, {""severity"": ""error"", ""pos"": {""line"": 3, ""column"": 24}, ""endPos"": {""line"": 3, ""column"": 26}, ""data"": ""unsolved goals\n\u2115 : Sort ?u.5\nn : \u2115\n\u22a2 \u2115""}]",False,False,"[{""severity"": ""error"", ""pos"": {""line"": 4, ""column"": 5}, ""endPos"": {""line"": 4, ""column"": 13}, ""data"": ""unknown namespace 'Function'""}, {""severity"": ""error"", ""pos"": {""line"": 5, ""column"": 5}, ""endPos"": {""line"": 5, ""column"": 8}, ""data"": ""unknown namespace 'Nat'""}, {""severity"": ""error"", ""pos"": {""line"": 6, ""column"": 26}, ""endPos"": {""line"": 7, ""column"": 5}, ""data"": ""unexpected token 'try'; expected '{' or tactic""}, {""severity"": ""error"", ""pos"": {""line"": 6, ""column"": 24}, ""endPos"": {""line"": 6, ""column"": 26}, ""data"": ""unsolved goals\n\u2115 : Sort ?u.5\nn : \u2115\n\u22a2 \u2115""}]",True
def-behavior,33,False,"[{""severity"": ""error"", ""pos"": {""line"": 10, ""column"": 5}, ""endPos"": {""line"": 10, ""column"": 9}, ""data"": ""unknown namespace 'Lean'""}, {""severity"": ""error"", ""pos"": {""line"": 11, ""column"": 45}, ""endPos"": {""line"": 12, ""column"": 5}, ""data"": ""unexpected token 'try'; expected '{' or tactic""}, {""severity"": ""error"", ""pos"": {""line"": 11, ""column"": 23}, ""endPos"": {""line"": 11, ""column"": 39}, ""data"": ""unknown constant 'Unit'""}, {""severity"": ""error"", ""pos"": {""line"": 11, ""column"": 43}, ""endPos"": {""line"": 11, ""column"": 45}, ""data"": ""unsolved goals\nNat : Sort ?u.11\nx\u271d : Sort ?u.8\nOption : x\u271d\nn : Nat\n\u22a2 ?m.14""}]",True,True,[],False,False,"[{""severity"": ""error"", ""pos"": {""line"": 10, ""column"": 5}, ""endPos"": {""line"": 10, ""column"": 11}, ""data"": ""unknown namespace 'option'""}, {""severity"": ""error"", ""pos"": {""line"": 11, ""column"": 5}, ""endPos"": {""line"": 11, ""column"": 8}, ""data"": ""unknown namespace 'nat'""}, {""severity"": ""error"", ""pos"": {""line"": 12, ""column"": 5}, ""endPos"": {""line"": 12, ""column"": 8}, ""data"": ""unknown namespace 'int'""}, {""severity"": ""error"", ""pos"": {""line"": 13, ""column"": 5}, ""endPos"": {""line"": 13, ""column"": 10}, ""data"": ""unknown namespace 'array'""}, {""severity"": ""error"", ""pos"": {""line"": 14, ""column"": 5}, ""endPos"": {""line"": 14, ""column"": 8}, ""data"": ""unknown namespace 'set'""}, {""severity"": ""error"", ""pos"": {""line"": 15, ""column"": 5}, ""endPos"": {""line"": 15, ""column"": 9}, ""data"": ""unknown namespace 'list'""}, {""severity"": ""error"", ""pos"": {""line"": 16, ""column"": 39}, ""endPos"": {""line"": 17, ""column"": 5}, ""data"": ""unexpected token 'try'; expected '{' or tactic""}, {""severity"": ""error"", ""pos"": {""line"": 16, ""column"": 23}, ""endPos"": {""line"": 16, ""column"": 33}, ""data"": ""unknown constant 'Unit'""}, {""severity"": ""error"", ""pos"": {""line"": 16, ""column"": 37}, ""endPos"": {""line"": 16, ""column"": 39}, ""data"": ""unsolved goals\nnat : Sort ?u.11\nx\u271d : Sort ?u.8\noption : x\u271d\nn : nat\n\u22a2 ?m.14""}]",False
termination,34,False,"[{""severity"": ""error"", ""pos"": {""line"": 2, ""column"": 5}, ""endPos"": {""line"": 2, ""column"": 8}, ""data"": ""unknown namespace 'Nat'""}, {""severity"": ""error"", ""pos"": {""line"": 3, ""column"": 28}, ""endPos"": {""line"": 4, ""column"": 5}, ""data"": ""unexpected token 'try'; expected '{' or tactic""}, {""severity"": ""error"", ""pos"": {""line"": 3, ""column"": 26}, ""endPos"": {""line"": 3, ""column"": 28}, ""data"": ""unsolved goals\n\u2115 : Sort ?u.5\nm n : \u2115\n\u22a2 \u2115""}]",False,False,"[{""severity"": ""error"", ""pos"": {""line"": 4, ""column"": 5}, ""endPos"": {""line"": 4, ""column"": 9}, ""data"": ""unknown namespace 'Lean'""}, {""severity"": ""error"", ""pos"": {""line"": 5, ""column"": 5}, ""endPos"": {""line"": 5, ""column"": 8}, ""data"": ""unknown namespace 'Nat'""}, {""severity"": ""error"", ""pos"": {""line"": 6, ""column"": 5}, ""endPos"": {""line"": 6, ""column"": 13}, ""data"": ""unknown namespace 'Function'""}, {""severity"": ""error"", ""pos"": {""line"": 7, ""column"": 5}, ""endPos"": {""line"": 7, ""column"": 9}, ""data"": ""unknown namespace 'Bool'""}, {""severity"": ""error"", ""pos"": {""line"": 9, ""column"": 41}, ""endPos"": {""line"": 10, ""column"": 5}, ""data"": ""unexpected token 'try'; expected '{' or tactic""}, {""severity"": ""error"", ""pos"": {""line"": 9, ""column"": 17}, ""endPos"": {""line"": 9, ""column"": 24}, ""data"": ""unknown constant 'Unit'""}, {""severity"": ""error"", ""pos"": {""line"": 9, ""column"": 28}, ""endPos"": {""line"": 9, ""column"": 35}, ""data"": ""unknown constant 'Unit'""}, {""severity"": ""error"", ""pos"": {""line"": 9, ""column"": 39}, ""endPos"": {""line"": 9, ""column"": 41}, ""data"": ""unsolved goals\nx\u271d : Sort ?u.2\nIO : x\u271d\nmain : ?m.6\n\u22a2 ?m.9""}]",False,False,"[{""severity"": ""error"", ""pos"": {""line"": 3, ""column"": 5}, ""endPos"": {""line"": 3, ""column"": 8}, ""data"": ""unknown namespace 'nat'""}, {""severity"": ""error"", ""pos"": {""line"": 4, ""column"": 5}, ""endPos"": {""line"": 4, ""column"": 13}, ""data"": ""unknown namespace 'function'""}, {""severity"": ""error"", ""pos"": {""line"": 5, ""column"": 5}, ""endPos"": {""line"": 5, ""column"": 8}, ""data"": ""unknown namespace 'ltl'""}, {""severity"": ""error"", ""pos"": {""line"": 6, ""column"": 28}, ""endPos"": {""line"": 7, ""column"": 5}, ""data"": ""unexpected token 'try'; expected '{' or tactic""}, {""severity"": ""error"", ""pos"": {""line"": 6, ""column"": 26}, ""endPos"": {""line"": 6, ""column"": 28}, ""data"": ""unsolved goals\n\u2115 : Sort ?u.5\nx y : \u2115\n\u22a2 \u2115""}]",False
def-behavior,35,False,"[{""severity"": ""error"", ""pos"": {""line"": 2, ""column"": 5}, ""endPos"": {""line"": 2, ""column"": 13}, ""data"": ""unknown namespace 'Function'""}, {""severity"": ""error"", ""pos"": {""line"": 3, ""column"": 5}, ""endPos"": {""line"": 3, ""column"": 9}, ""data"": ""unknown namespace 'List'""}, {""severity"": ""error"", ""pos"": {""line"": 4, ""column"": 57}, ""endPos"": {""line"": 5, ""column"": 5}, ""data"": ""unexpected token 'try'; expected '{' or tactic""}, {""severity"": ""error"", ""pos"": {""line"": 4, ""column"": 25}, ""endPos"": {""line"": 4, ""column"": 34}, ""data"": ""unknown constant 'Unit'""}, {""severity"": ""error"", ""pos"": {""line"": 4, ""column"": 55}, ""endPos"": {""line"": 4, ""column"": 57}, ""data"": ""unsolved goals\nx\u271d : Sort ?u.2\nArray : x\u271d\nInt : Sort ?u.15\na : ?m.13\nk : Int\n\u22a2 Int""}]",False,False,"[{""severity"": ""error"", ""pos"": {""line"": 3, ""column"": 5}, ""endPos"": {""line"": 3, ""column"": 13}, ""data"": ""unknown namespace 'Function'""}, {""severity"": ""error"", ""pos"": {""line"": 4, ""column"": 5}, ""endPos"": {""line"": 4, ""column"": 8}, ""data"": ""unknown namespace 'Nat'""}, {""severity"": ""error"", ""pos"": {""line"": 5, ""column"": 5}, ""endPos"": {""line"": 5, ""column"": 22}, ""data"": ""unknown namespace 'Lean.Elab.Tactics'""}, {""severity"": ""error"", ""pos"": {""line"": 6, ""column"": 5}, ""endPos"": {""line"": 6, ""column"": 24}, ""data"": ""unknown namespace 'Lean.Parser.Tactics'""}, {""severity"": ""error"", ""pos"": {""line"": 8, ""column"": 33}, ""endPos"": {""line"": 9, ""column"": 5}, ""data"": ""unexpected token 'try'; expected '{' or tactic""}, {""severity"": ""error"", ""pos"": {""line"": 8, ""column"": 18}, ""endPos"": {""line"": 8, ""column"": 27}, ""data"": ""unknown constant 'Unit'""}, {""severity"": ""error"", ""pos"": {""line"": 8, ""column"": 31}, ""endPos"": {""line"": 8, ""column"": 33}, ""data"": ""unsolved goals\nNat : Sort ?u.11\nx\u271d : Sort ?u.8\nArray : x\u271d\nn : Nat\n\u22a2 ?m.14""}]",False,False,"[{""severity"": ""error"", ""pos"": {""line"": 3, ""column"": 5}, ""endPos"": {""line"": 3, ""column"": 13}, ""data"": ""unknown namespace 'Function'""}, {""severity"": ""error"", ""pos"": {""line"": 4, ""column"": 5}, ""endPos"": {""line"": 4, ""column"": 8}, ""data"": ""unknown namespace 'Nat'""}, {""severity"": ""error"", ""pos"": {""line"": 5, ""column"": 5}, ""endPos"": {""line"": 5, ""column"": 25}, ""data"": ""unknown namespace 'Lean.Elab.Attributes'""}, {""severity"": ""error"", ""pos"": {""line"": 6, ""column"": 5}, ""endPos"": {""line"": 6, ""column"": 22}, ""data"": ""unknown namespace 'Lean.Elab.Tactics'""}, {""severity"": ""error"", ""pos"": {""line"": 7, ""column"": 5}, ""endPos"": {""line"": 7, ""column"": 24}, ""data"": ""unknown namespace 'Lean.Parser.Tactics'""}, {""severity"": ""error"", ""pos"": {""line"": 8, ""column"": 41}, ""endPos"": {""line"": 9, ""column"": 5}, ""data"": ""unexpected token 'try'; expected '{' or tactic""}, {""severity"": ""error"", ""pos"": {""line"": 8, ""column"": 17}, ""endPos"": {""line"": 8, ""column"": 24}, ""data"": ""unknown constant 'Unit'""}, {""severity"": ""error"", ""pos"": {""line"": 8, ""column"": 28}, ""endPos"": {""line"": 8, ""column"": 35}, ""data"": ""unknown constant 'Unit'""}, {""severity"": ""error"", ""pos"": {""line"": 8, ""column"": 39}, ""endPos"": {""line"": 8, ""column"": 41}, ""data"": ""unsolved goals\nx\u271d : Sort ?u.2\nIO : x\u271d\nmain : ?m.6\n\u22a2 ?m.9""}]",False
valid-memsafety,36,False,no code,False,False,"[{""severity"": ""error"", ""pos"": {""line"": 3, ""column"": 33}, ""endPos"": {""line"": 4, ""column"": 5}, ""data"": ""unexpected token 'try'; expected '{' or tactic""}, {""severity"": ""error"", ""pos"": {""line"": 3, ""column"": 31}, ""endPos"": {""line"": 3, ""column"": 33}, ""data"": ""unsolved goals\n\u2115 : Sort ?u.5\nn : \u2115\n\u22a2 Type""}]",False,False,"[{""severity"": ""error"", ""pos"": {""line"": 3, ""column"": 5}, ""endPos"": {""line"": 3, ""column"": 13}, ""data"": ""unknown namespace 'Function'""}, {""severity"": ""error"", ""pos"": {""line"": 4, ""column"": 5}, ""endPos"": {""line"": 4, ""column"": 9}, ""data"": ""unknown namespace 'List'""}, {""severity"": ""error"", ""pos"": {""line"": 5, ""column"": 5}, ""endPos"": {""line"": 5, ""column"": 8}, ""data"": ""unknown namespace 'Nat'""}, {""severity"": ""error"", ""pos"": {""line"": 6, ""column"": 0}, ""endPos"": {""line"": 6, ""column"": 9}, ""data"": ""unexpected identifier; expected command""}, {""severity"": ""error"", ""pos"": {""line"": 7, ""column"": 61}, ""endPos"": {""line"": 8, ""column"": 5}, ""data"": ""unexpected token 'try'; expected '{' or tactic""}, {""severity"": ""error"", ""pos"": {""line"": 7, ""column"": 23}, ""endPos"": {""line"": 7, ""column"": 32}, ""data"": ""unknown constant 'Unit'""}, {""severity"": ""error"", ""pos"": {""line"": 7, ""column"": 46}, ""endPos"": {""line"": 7, ""column"": 55}, ""data"": ""unknown constant 'Unit'""}, {""severity"": ""error"", ""pos"": {""line"": 7, ""column"": 59}, ""endPos"": {""line"": 7, ""column"": 61}, ""data"": ""unsolved goals\nx\u271d : Sort ?u.2\nArray : x\u271d\nNat : Sort ?u.15\na : ?m.13\nn : Nat\n\u22a2 ?m.18""}]",
valid-memsafety,37,True,[],False,False,"[{""severity"": ""error"", ""pos"": {""line"": 4, ""column"": 0}, ""endPos"": {""line"": 4, ""column"": 29}, ""data"": ""unexpected constructor resulting type\n  ?m.18""}, {""severity"": ""error"", ""pos"": {""line"": 6, ""column"": 23}, ""endPos"": null, ""data"": ""unknown tactic""}, {""severity"": ""error"", ""pos"": {""line"": 5, ""column"": 32}, ""endPos"": {""line"": 5, ""column"": 43}, ""data"": ""function expected at\n  option\nterm has type\n  ?m.29""}, {""severity"": ""error"", ""pos"": {""line"": 5, ""column"": 47}, ""endPos"": {""line"": 6, ""column"": 30}, ""data"": ""unsolved goals\nstring : Sort ?u.31\nx\u271d : Sort ?u.28\noption : x\u271d\nfilename : string\n\u22a2 sorry""}]",False,,no code,True
termination,38,False,"[{""severity"": ""error"", ""pos"": {""line"": 5, ""column"": 11}, ""endPos"": {""line"": 5, ""column"": 15}, ""data"": ""type expected, got\n  (init : \u2115 \u2192 Prop)""}]",False,False,"[{""severity"": ""error"", ""pos"": {""line"": 6, ""column"": 5}, ""endPos"": {""line"": 6, ""column"": 13}, ""data"": ""unknown namespace 'Function'""}, {""severity"": ""error"", ""pos"": {""line"": 7, ""column"": 5}, ""endPos"": {""line"": 7, ""column"": 8}, ""data"": ""unknown namespace 'Nat'""}, {""severity"": ""error"", ""pos"": {""line"": 8, ""column"": 5}, ""endPos"": {""line"": 8, ""column"": 9}, ""data"": ""unknown namespace 'Lean'""}, {""severity"": ""error"", ""pos"": {""line"": 9, ""column"": 5}, ""endPos"": {""line"": 9, ""column"": 21}, ""data"": ""unknown namespace 'Lean.Elab.Tactic'""}, {""severity"": ""error"", ""pos"": {""line"": 10, ""column"": 5}, ""endPos"": {""line"": 10, ""column"": 24}, ""data"": ""unknown namespace 'Lean.Parser.Tactics'""}, {""severity"": ""error"", ""pos"": {""line"": 12, ""column"": 41}, ""endPos"": {""line"": 13, ""column"": 5}, ""data"": ""unexpected token 'try'; expected '{' or tactic""}, {""severity"": ""error"", ""pos"": {""line"": 12, ""column"": 17}, ""endPos"": {""line"": 12, ""column"": 24}, ""data"": ""unknown constant 'Unit'""}, {""severity"": ""error"", ""pos"": {""line"": 12, ""column"": 28}, ""endPos"": {""line"": 12, ""column"": 35}, ""data"": ""unknown constant 'Unit'""}, {""severity"": ""error"", ""pos"": {""line"": 12, ""column"": 39}, ""endPos"": {""line"": 12, ""column"": 41}, ""data"": ""unsolved goals\nx\u271d : Sort ?u.2\nIO : x\u271d\nmain : ?m.6\n\u22a2 ?m.9""}]",False,False,"[{""severity"": ""error"", ""pos"": {""line"": 2, ""column"": 5}, ""endPos"": {""line"": 2, ""column"": 8}, ""data"": ""unknown namespace 'Nat'""}, {""severity"": ""error"", ""pos"": {""line"": 3, ""column"": 21}, ""endPos"": {""line"": 4, ""column"": 5}, ""data"": ""unexpected token 'try'; expected '{' or tactic""}, {""severity"": ""error"", ""pos"": {""line"": 3, ""column"": 19}, ""endPos"": {""line"": 3, ""column"": 21}, ""data"": ""unsolved goals\nUnit : Sort ?u.5\n\u22a2 Unit""}]",False
valid-memsafety,39,False,"[{""severity"": ""error"", ""pos"": {""line"": 3, ""column"": 39}, ""endPos"": {""line"": 3, ""column"": 41}, ""data"": ""unexpected token 'by'; expected command""}]",False,False,"[{""severity"": ""error"", ""pos"": {""line"": 3, ""column"": 5}, ""endPos"": {""line"": 3, ""column"": 8}, ""data"": ""unknown namespace 'Nat'""}, {""severity"": ""error"", ""pos"": {""line"": 4, ""column"": 36}, ""endPos"": {""line"": 5, ""column"": 5}, ""data"": ""unexpected token 'try'; expected '{' or tactic""}, {""severity"": ""error"", ""pos"": {""line"": 4, ""column"": 22}, ""endPos"": {""line"": 4, ""column"": 30}, ""data"": ""unknown constant 'Unit'""}, {""severity"": ""error"", ""pos"": {""line"": 4, ""column"": 34}, ""endPos"": {""line"": 4, ""column"": 36}, ""data"": ""unsolved goals\nx\u271d : Sort ?u.4\noption : x\u271d\np : Type\n\u22a2 ?m.10""}]",False,False,"[{""severity"": ""error"", ""pos"": {""line"": 4, ""column"": 5}, ""endPos"": {""line"": 4, ""column"": 8}, ""data"": ""unknown namespace 'Nat'""}, {""severity"": ""error"", ""pos"": {""line"": 5, ""column"": 0}, ""endPos"": {""line"": 5, ""column"": 10}, ""data"": ""unexpected identifier; expected command""}]",False
no-overflow,40,False,"[{""severity"": ""error"", ""pos"": {""line"": 3, ""column"": 5}, ""endPos"": {""line"": 3, ""column"": 8}, ""data"": ""unknown namespace 'Cmm'""}, {""severity"": ""error"", ""pos"": {""line"": 4, ""column"": 24}, ""endPos"": {""line"": 5, ""column"": 5}, ""data"": ""unexpected token 'try'; expected '{' or tactic""}, {""severity"": ""error"", ""pos"": {""line"": 4, ""column"": 11}, ""endPos"": {""line"": 4, ""column"": 18}, ""data"": ""unknown constant 'Unit'""}, {""severity"": ""error"", ""pos"": {""line"": 4, ""column"": 22}, ""endPos"": {""line"": 4, ""column"": 24}, ""data"": ""unsolved goals\nx\u271d : Sort ?u.2\nIO : x\u271d\n\u22a2 ?m.6""}]",False,False,"[{""severity"": ""error"", ""pos"": {""line"": 2, ""column"": 5}, ""endPos"": {""line"": 2, ""column"": 13}, ""data"": ""unknown namespace 'Function'""}, {""severity"": ""error"", ""pos"": {""line"": 3, ""column"": 24}, ""endPos"": {""line"": 3, ""column"": 26}, ""data"": ""unexpected token 'by'; expected command""}]",False,False,"[{""severity"": ""error"", ""pos"": {""line"": 3, ""column"": 4}, ""endPos"": {""line"": 3, ""column"": 8}, ""data"": ""invalid `main` function, it must have type `List String -> IO UInt32`""}]",False
termination,41,False,"[{""severity"": ""error"", ""pos"": {""line"": 2, ""column"": 5}, ""endPos"": {""line"": 2, ""column"": 9}, ""data"": ""unknown namespace 'Lean'""}, {""severity"": ""error"", ""pos"": {""line"": 3, ""column"": 5}, ""endPos"": {""line"": 3, ""column"": 8}, ""data"": ""unknown namespace 'SMT'""}, {""severity"": ""error"", ""pos"": {""line"": 4, ""column"": 25}, ""endPos"": {""line"": 5, ""column"": 5}, ""data"": ""unexpected token 'try'; expected '{' or tactic""}, {""severity"": ""error"", ""pos"": {""line"": 4, ""column"": 23}, ""endPos"": {""line"": 4, ""column"": 25}, ""data"": ""unsolved goals\n\u2115 : Sort ?u.7\n\u22a2 \u2115 \u2192 Prop""}]",False,,no code,False,False,"[{""severity"": ""error"", ""pos"": {""line"": 4, ""column"": 15}, ""endPos"": {""line"": 5, ""column"": 5}, ""data"": ""unexpected token 'try'; expected '{' or tactic""}, {""severity"": ""error"", ""pos"": {""line"": 4, ""column"": 13}, ""endPos"": {""line"": 4, ""column"": 15}, ""data"": ""unsolved goals\n\u2115 : Sort ?u.5\n\u22a2 \u2115""}]",False
termination,42,False,"[{""severity"": ""error"", ""pos"": {""line"": 2, ""column"": 5}, ""endPos"": {""line"": 2, ""column"": 8}, ""data"": ""unknown namespace 'Nat'""}, {""severity"": ""error"", ""pos"": {""line"": 3, ""column"": 28}, ""endPos"": {""line"": 4, ""column"": 5}, ""data"": ""unexpected token 'try'; expected '{' or tactic""}, {""severity"": ""error"", ""pos"": {""line"": 3, ""column"": 26}, ""endPos"": {""line"": 3, ""column"": 28}, ""data"": ""unsolved goals\nNat : Sort ?u.5\nx : Nat\n\u22a2 Nat""}]",False,False,"[{""severity"": ""error"", ""pos"": {""line"": 4, ""column"": 5}, ""endPos"": {""line"": 4, ""column"": 22}, ""data"": ""unknown namespace 'Lean.Elab.Tactics'""}, {""severity"": ""error"", ""pos"": {""line"": 5, ""column"": 5}, ""endPos"": {""line"": 5, ""column"": 24}, ""data"": ""unknown namespace 'Lean.Parser.Tactics'""}, {""severity"": ""error"", ""pos"": {""line"": 6, ""column"": 24}, ""endPos"": {""line"": 7, ""column"": 5}, ""data"": ""unexpected token 'try'; expected '{' or tactic""}, {""severity"": ""error"", ""pos"": {""line"": 6, ""column"": 22}, ""endPos"": {""line"": 6, ""column"": 24}, ""data"": ""unsolved goals\n\u2115 : Sort ?u.5\nx : \u2115\n\u22a2 \u2115""}]",False,False,"[{""severity"": ""error"", ""pos"": {""line"": 4, ""column"": 5}, ""endPos"": {""line"": 4, ""column"": 8}, ""data"": ""unknown namespace 'Nat'""}, {""severity"": ""error"", ""pos"": {""line"": 5, ""column"": 28}, ""endPos"": {""line"": 6, ""column"": 5}, ""data"": ""unexpected token 'try'; expected '{' or tactic""}, {""severity"": ""error"", ""pos"": {""line"": 5, ""column"": 26}, ""endPos"": {""line"": 5, ""column"": 28}, ""data"": ""unsolved goals\nNat : Sort ?u.5\nx : Nat\n\u22a2 Nat""}]",False
no-overflow,43,False,"[{""severity"": ""error"", ""pos"": {""line"": 2, ""column"": 5}, ""endPos"": {""line"": 2, ""column"": 16}, ""data"": ""unknown namespace 'Enumeration'""}, {""severity"": ""error"", ""pos"": {""line"": 3, ""column"": 5}, ""endPos"": {""line"": 3, ""column"": 8}, ""data"": ""unknown namespace 'Nat'""}, {""severity"": ""error"", ""pos"": {""line"": 4, ""column"": 5}, ""endPos"": {""line"": 4, ""column"": 13}, ""data"": ""unknown namespace 'Function'""}, {""severity"": ""error"", ""pos"": {""line"": 5, ""column"": 5}, ""endPos"": {""line"": 5, ""column"": 22}, ""data"": ""unknown namespace 'Lean.Elab.Tactics'""}, {""severity"": ""error"", ""pos"": {""line"": 6, ""column"": 5}, ""endPos"": {""line"": 6, ""column"": 24}, ""data"": ""unknown namespace 'Lean.Parser.Tactics'""}, {""severity"": ""error"", ""pos"": {""line"": 8, ""column"": 29}, ""endPos"": {""line"": 8, ""column"": 31}, ""data"": ""unexpected token 'by'; expected command""}]",False,False,"[{""severity"": ""error"", ""pos"": {""line"": 4, ""column"": 5}, ""endPos"": {""line"": 4, ""column"": 8}, ""data"": ""unknown namespace 'Nat'""}, {""severity"": ""error"", ""pos"": {""line"": 5, ""column"": 5}, ""endPos"": {""line"": 5, ""column"": 13}, ""data"": ""unknown namespace 'Function'""}, {""severity"": ""error"", ""pos"": {""line"": 6, ""column"": 5}, ""endPos"": {""line"": 6, ""column"": 16}, ""data"": ""unknown namespace 'Enumeration'""}, {""severity"": ""error"", ""pos"": {""line"": 7, ""column"": 5}, ""endPos"": {""line"": 7, ""column"": 9}, ""data"": ""unknown namespace 'Bool'""}, {""severity"": ""error"", ""pos"": {""line"": 8, ""column"": 24}, ""endPos"": {""line"": 9, ""column"": 5}, ""data"": ""unexpected token 'try'; expected '{' or tactic""}, {""severity"": ""error"", ""pos"": {""line"": 8, ""column"": 11}, ""endPos"": {""line"": 8, ""column"": 18}, ""data"": ""unknown constant 'Unit'""}, {""severity"": ""error"", ""pos"": {""line"": 8, ""column"": 22}, ""endPos"": {""line"": 8, ""column"": 24}, ""data"": ""unsolved goals\nx\u271d : Sort ?u.2\nIO : x\u271d\n\u22a2 ?m.6""}]",False,False,"[{""severity"": ""error"", ""pos"": {""line"": 5, ""column"": 5}, ""endPos"": {""line"": 5, ""column"": 8}, ""data"": ""unknown namespace 'Nat'""}, {""severity"": ""error"", ""pos"": {""line"": 7, ""column"": 7}, ""endPos"": {""line"": 7, ""column"": 10}, ""data"": ""unexpected token ':='; expected '=>'""}]",False
termination,44,False,"[{""severity"": ""error"", ""pos"": {""line"": 2, ""column"": 5}, ""endPos"": {""line"": 2, ""column"": 16}, ""data"": ""unknown namespace 'Enumeration'""}, {""severity"": ""error"", ""pos"": {""line"": 3, ""column"": 25}, ""endPos"": {""line"": 3, ""column"": 27}, ""data"": ""unexpected token 'by'; expected command""}]",False,False,"[{""severity"": ""error"", ""pos"": {""line"": 4, ""column"": 5}, ""endPos"": {""line"": 4, ""column"": 9}, ""data"": ""unknown namespace 'Lean'""}, {""severity"": ""error"", ""pos"": {""line"": 5, ""column"": 5}, ""endPos"": {""line"": 5, ""column"": 8}, ""data"": ""unknown namespace 'Nat'""}, {""severity"": ""error"", ""pos"": {""line"": 6, ""column"": 5}, ""endPos"": {""line"": 6, ""column"": 13}, ""data"": ""unknown namespace 'Function'""}, {""severity"": ""error"", ""pos"": {""line"": 7, ""column"": 5}, ""endPos"": {""line"": 7, ""column"": 9}, ""data"": ""unknown namespace 'Bool'""}, {""severity"": ""error"", ""pos"": {""line"": 8, ""column"": 25}, ""endPos"": {""line"": 8, ""column"": 27}, ""data"": ""unexpected token 'by'; expected command""}]",False,False,"[{""severity"": ""error"", ""pos"": {""line"": 4, ""column"": 5}, ""endPos"": {""line"": 4, ""column"": 9}, ""data"": ""unknown namespace 'Lean'""}, {""severity"": ""error"", ""pos"": {""line"": 5, ""column"": 5}, ""endPos"": {""line"": 5, ""column"": 8}, ""data"": ""unknown namespace 'Nat'""}, {""severity"": ""error"", ""pos"": {""line"": 6, ""column"": 5}, ""endPos"": {""line"": 6, ""column"": 13}, ""data"": ""unknown namespace 'Function'""}, {""severity"": ""error"", ""pos"": {""line"": 7, ""column"": 5}, ""endPos"": {""line"": 7, ""column"": 16}, ""data"": ""unknown namespace 'Enumeration'""}, {""severity"": ""error"", ""pos"": {""line"": 8, ""column"": 25}, ""endPos"": {""line"": 8, ""column"": 27}, ""data"": ""unexpected token 'by'; expected command""}]",False
no-overflow,45,True,[],False,False,"[{""severity"": ""error"", ""pos"": {""line"": 4, ""column"": 5}, ""endPos"": {""line"": 4, ""column"": 8}, ""data"": ""unknown namespace 'Nat'""}, {""severity"": ""error"", ""pos"": {""line"": 5, ""column"": 5}, ""endPos"": {""line"": 5, ""column"": 13}, ""data"": ""unknown namespace 'Function'""}, {""severity"": ""error"", ""pos"": {""line"": 6, ""column"": 5}, ""endPos"": {""line"": 6, ""column"": 15}, ""data"": ""unknown namespace 'Enumerable'""}, {""severity"": ""error"", ""pos"": {""line"": 7, ""column"": 5}, ""endPos"": {""line"": 7, ""column"": 15}, ""data"": ""unknown namespace 'Enumerator'""}, {""severity"": ""error"", ""pos"": {""line"": 8, ""column"": 5}, ""endPos"": {""line"": 8, ""column"": 9}, ""data"": ""unknown namespace 'Bool'""}, {""severity"": ""error"", ""pos"": {""line"": 9, ""column"": 7}, ""endPos"": {""line"": 9, ""column"": 11}, ""data"": ""unknown constant 'Unit'""}, {""severity"": ""error"", ""pos"": {""line"": 10, ""column"": 30}, ""endPos"": {""line"": 11, ""column"": 5}, ""data"": ""unexpected token 'try'; expected '{' or tactic""}, {""severity"": ""error"", ""pos"": {""line"": 10, ""column"": 28}, ""endPos"": {""line"": 10, ""column"": 30}, ""data"": ""unsolved goals\n\u2115 : Sort ?u.10\np : \u2115 \u2192 \u2115\n\u22a2 \u2115""}]",False,False,"[{""severity"": ""error"", ""pos"": {""line"": 5, ""column"": 5}, ""endPos"": {""line"": 5, ""column"": 8}, ""data"": ""unknown namespace 'Nat'""}, {""severity"": ""error"", ""pos"": {""line"": 6, ""column"": 14}, ""endPos"": {""line"": 7, ""column"": 5}, ""data"": ""unexpected token 'try'; expected '{' or tactic""}, {""severity"": ""error"", ""pos"": {""line"": 6, ""column"": 12}, ""endPos"": {""line"": 6, ""column"": 14}, ""data"": ""unsolved goals\n\u22a2 ?m.2""}]",True
valid-memsafety,46,False,"[{""severity"": ""error"", ""pos"": {""line"": 7, ""column"": 23}, ""endPos"": null, ""data"": ""unknown tactic""}]",False,False,"[{""severity"": ""error"", ""pos"": {""line"": 5, ""column"": 38}, ""endPos"": {""line"": 6, ""column"": 5}, ""data"": ""unexpected token 'try'; expected '{' or tactic""}, {""severity"": ""error"", ""pos"": {""line"": 5, ""column"": 24}, ""endPos"": {""line"": 5, ""column"": 32}, ""data"": ""unknown constant 'Unit'""}, {""severity"": ""error"", ""pos"": {""line"": 5, ""column"": 36}, ""endPos"": {""line"": 5, ""column"": 38}, ""data"": ""unsolved goals\n\u2115 : Sort ?u.11\nx\u271d : Sort ?u.8\noption : x\u271d\nsize : \u2115\n\u22a2 ?m.14""}]",False,False,"[{""severity"": ""error"", ""pos"": {""line"": 3, ""column"": 13}, ""endPos"": {""line"": 4, ""column"": 5}, ""data"": ""unexpected token 'try'; expected '{' or tactic""}, {""severity"": ""error"", ""pos"": {""line"": 3, ""column"": 11}, ""endPos"": {""line"": 3, ""column"": 13}, ""data"": ""unsolved goals\n\u22a2 ?m.2""}]",False
no-overflow,47,False,"[{""severity"": ""error"", ""pos"": {""line"": 2, ""column"": 5}, ""endPos"": {""line"": 2, ""column"": 8}, ""data"": ""unknown namespace 'Nat'""}, {""severity"": ""error"", ""pos"": {""line"": 3, ""column"": 32}, ""endPos"": {""line"": 4, ""column"": 5}, ""data"": ""unexpected token 'try'; expected '{' or tactic""}, {""severity"": ""error"", ""pos"": {""line"": 3, ""column"": 30}, ""endPos"": {""line"": 3, ""column"": 32}, ""data"": ""unsolved goals\nInt : Sort ?u.5\nx : Int\n\u22a2 Int""}]",False,False,"[{""severity"": ""error"", ""pos"": {""line"": 4, ""column"": 5}, ""endPos"": {""line"": 4, ""column"": 9}, ""data"": ""unknown namespace 'Lean'""}, {""severity"": ""error"", ""pos"": {""line"": 5, ""column"": 42}, ""endPos"": {""line"": 6, ""column"": 5}, ""data"": ""unexpected token 'try'; expected '{' or tactic""}, {""severity"": ""error"", ""pos"": {""line"": 5, ""column"": 26}, ""endPos"": {""line"": 5, ""column"": 36}, ""data"": ""unknown constant 'Unit'""}, {""severity"": ""error"", ""pos"": {""line"": 5, ""column"": 40}, ""endPos"": {""line"": 5, ""column"": 42}, ""data"": ""unsolved goals\nInt : Sort ?u.11\nx\u271d : Sort ?u.8\nOption : x\u271d\nx : Int\n\u22a2 ?m.14""}]",False,False,"[{""severity"": ""error"", ""pos"": {""line"": 4, ""column"": 5}, ""endPos"": {""line"": 4, ""column"": 9}, ""data"": ""unknown namespace 'Lean'""}, {""severity"": ""error"", ""pos"": {""line"": 5, ""column"": 5}, ""endPos"": {""line"": 5, ""column"": 8}, ""data"": ""unknown namespace 'Nat'""}, {""severity"": ""error"", ""pos"": {""line"": 6, ""column"": 5}, ""endPos"": {""line"": 6, ""column"": 8}, ""data"": ""unknown namespace 'Int'""}, {""severity"": ""error"", ""pos"": {""line"": 7, ""column"": 5}, ""endPos"": {""line"": 7, ""column"": 13}, ""data"": ""unknown namespace 'Function'""}, {""severity"": ""error"", ""pos"": {""line"": 8, ""column"": 5}, ""endPos"": {""line"": 8, ""column"": 9}, ""data"": ""unknown namespace 'Bool'""}, {""severity"": ""error"", ""pos"": {""line"": 9, ""column"": 24}, ""endPos"": {""line"": 10, ""column"": 5}, ""data"": ""unexpected token 'try'; expected '{' or tactic""}, {""severity"": ""error"", ""pos"": {""line"": 9, ""column"": 11}, ""endPos"": {""line"": 9, ""column"": 18}, ""data"": ""unknown constant 'Unit'""}, {""severity"": ""error"", ""pos"": {""line"": 9, ""column"": 22}, ""endPos"": {""line"": 9, ""column"": 24}, ""data"": ""unsolved goals\nx\u271d : Sort ?u.2\nIO : x\u271d\n\u22a2 ?m.6""}]",False
unreach-call,48,True,[],False,False,"[{""severity"": ""error"", ""pos"": {""line"": 2, ""column"": 5}, ""endPos"": {""line"": 2, ""column"": 9}, ""data"": ""unknown namespace 'Lean'""}, {""severity"": ""error"", ""pos"": {""line"": 3, ""column"": 5}, ""endPos"": {""line"": 3, ""column"": 16}, ""data"": ""unknown namespace 'Expressions'""}, {""severity"": ""error"", ""pos"": {""line"": 4, ""column"": 5}, ""endPos"": {""line"": 4, ""column"": 13}, ""data"": ""unknown namespace 'Std.List'""}, {""severity"": ""error"", ""pos"": {""line"": 10, ""column"": 28}, ""endPos"": {""line"": 11, ""column"": 5}, ""data"": ""unexpected token 'try'; expected '{' or tactic""}, {""severity"": ""error"", ""pos"": {""line"": 10, ""column"": 26}, ""endPos"": {""line"": 10, ""column"": 28}, ""data"": ""unsolved goals\nNat : Sort ?u.41\nn x y z : Nat\nUnit : Sort ?u.53\n\u22a2 Unit""}]",False,False,"[{""severity"": ""error"", ""pos"": {""line"": 4, ""column"": 9}, ""endPos"": {""line"": 4, ""column"": 14}, ""data"": ""unexpected token 'Prop'; expected identifier""}, {""severity"": ""error"", ""pos"": {""line"": 4, ""column"": 18}, ""endPos"": {""line"": 4, ""column"": 20}, ""data"": ""unexpected token 'by'; expected command""}]",True
valid-memsafety,49,False,"[{""severity"": ""error"", ""pos"": {""line"": 2, ""column"": 5}, ""endPos"": {""line"": 2, ""column"": 22}, ""data"": ""unknown namespace 'Lean.Elab.Tactics'""}, {""severity"": ""error"", ""pos"": {""line"": 3, ""column"": 5}, ""endPos"": {""line"": 3, ""column"": 24}, ""data"": ""unknown namespace 'Lean.Parser.Tactics'""}, {""severity"": ""error"", ""pos"": {""line"": 4, ""column"": 5}, ""endPos"": {""line"": 4, ""column"": 16}, ""data"": ""unknown namespace 'Lean.Syntax'""}, {""severity"": ""error"", ""pos"": {""line"": 5, ""column"": 5}, ""endPos"": {""line"": 5, ""column"": 19}, ""data"": ""unknown namespace 'Lean.Util.Why3'""}, {""severity"": ""error"", ""pos"": {""line"": 6, ""column"": 0}, ""endPos"": null, ""data"": ""expected token""}, {""severity"": ""error"", ""pos"": {""line"": 8, ""column"": 41}, ""endPos"": {""line"": 9, ""column"": 5}, ""data"": ""unexpected token 'try'; expected '{' or tactic""}, {""severity"": ""error"", ""pos"": {""line"": 8, ""column"": 17}, ""endPos"": {""line"": 8, ""column"": 24}, ""data"": ""unknown constant 'Unit'""}, {""severity"": ""error"", ""pos"": {""line"": 8, ""column"": 28}, ""endPos"": {""line"": 8, ""column"": 35}, ""data"": ""unknown constant 'Unit'""}, {""severity"": ""error"", ""pos"": {""line"": 8, ""column"": 39}, ""endPos"": {""line"": 8, ""column"": 41}, ""data"": ""unsolved goals\nx\u271d : Sort ?u.2\nIO : x\u271d\nmain : ?m.6\n\u22a2 ?m.9""}]",False,False,"[{""severity"": ""error"", ""pos"": {""line"": 3, ""column"": 5}, ""endPos"": {""line"": 3, ""column"": 22}, ""data"": ""unknown namespace 'Lean.Elab.Tactics'""}, {""severity"": ""error"", ""pos"": {""line"": 4, ""column"": 5}, ""endPos"": {""line"": 4, ""column"": 24}, ""data"": ""unknown namespace 'Lean.Parser.Tactics'""}, {""severity"": ""error"", ""pos"": {""line"": 5, ""column"": 5}, ""endPos"": {""line"": 5, ""column"": 21}, ""data"": ""unknown namespace 'Lean.Parser.Term'""}, {""severity"": ""error"", ""pos"": {""line"": 6, ""column"": 30}, ""endPos"": {""line"": 7, ""column"": 5}, ""data"": ""unexpected token 'try'; expected '{' or tactic""}, {""severity"": ""error"", ""pos"": {""line"": 6, ""column"": 28}, ""endPos"": {""line"": 6, ""column"": 30}, ""data"": ""unsolved goals\n\u2115 : Sort ?u.5\nn : \u2115\n\u22a2 Type""}]",False,False,"[{""severity"": ""error"", ""pos"": {""line"": 3, ""column"": 5}, ""endPos"": {""line"": 3, ""column"": 22}, ""data"": ""unknown namespace 'Lean.Elab.Tactics'""}, {""severity"": ""error"", ""pos"": {""line"": 4, ""column"": 5}, ""endPos"": {""line"": 4, ""column"": 24}, ""data"": ""unknown namespace 'Lean.Parser.Tactics'""}, {""severity"": ""error"", ""pos"": {""line"": 6, ""column"": 10}, ""endPos"": {""line"": 6, ""column"": 11}, ""data"": ""unexpected token ')'; expected '_' or identifier""}]",False
